,0,1,2,3,4,5,6,7,8,9,10,11,12,13,14,15,16,17,18,19,20,21,22,23,24,25,26,27,28,29,30,31,32,33,34,35,36,37,38,39,40,41,42,43,44,45,46,47,48,49,50,51,52,53,54,55,56,57,58,59
5_o_Clock_Shadow,84.31544854251926,87.88320068291948,89.34946897988901,89.11848150844862,89.54028471716589,89.96208792588315,90.3361872002812,90.11775339576691,90.14537146300434,90.53453513771372,90.37133746767431,90.31610133319944,90.55713173818071,90.74292600868714,91.1873258178714,90.84084461071079,90.71781867483492,91.06681061538076,91.02161741444678,91.08689648246252,91.42584548946749,91.38316302191869,91.13208968339652,91.34048055436993,91.57648949258078,91.54636069195813,91.81500916417687,91.55138215872856,91.8426272314143,91.41078108915615,91.70704762861232,91.98322830098671,91.48861382409801,91.50869969117979,92.18659770518968,91.90790629943008,91.89535263250394,91.88530969896307,91.8200306309473,92.28702704059856,92.19664063873057,92.0259107685355,92.14140450425569,92.13387230410002,91.86020236511084,92.10625423686258,92.36485977554042,92.26191970674635,92.02340003515027,92.47282131110498,92.13387230410002,91.79241256370985,92.57827211328429,91.89535263250394,92.246855306435,92.31715584122122,92.42260664340056,92.53307891235028,92.337241708303,92.56571844635819
Arched_Eyebrows,75.33957669035125,77.24271259634939,78.16917321549623,78.5558261568204,78.59599789098395,78.8997966305958,78.99520449923422,79.15840216927364,79.35926084009141,79.44462577518894,79.27138517160863,79.38185744055839,79.25129930452684,79.65050591277713,79.79612844911999,80.02962665394561,79.92417585176631,79.98443345301163,80.10243792211705,80.27567852569736,80.3384468603279,80.85063647091316,80.94353360616634,81.06655954204224,81.09166687589445,80.96110873986291,81.46074468352204,81.79969369052702,81.44819101659594,81.81224735745313,81.8925908257802,81.867483491928,82.18383589846594,82.06080996259007,82.490145371463,82.44746290391423,82.56797810640488,82.51274197193001,82.62321424087976,82.29932963418615,82.60061764041276,82.64330010796155,82.80147631123052,82.7788797107635,82.7763689773783,82.90943784679504,82.83411584523841,82.98978131512213,82.70355770920686,83.03999598282658,82.36460870220192,82.98978131512213,83.12787165130935,82.81654071154185,83.0651033166788,83.09021065053102,83.13540385146501,83.05003891636747,83.07263551683447,83.1780863190138
Attractive,75.22659368801627,77.50382886841247,79.80617138266088,80.60709533254662,80.88829747169149,80.78033593612696,80.96361947324813,80.95859800647769,81.51095935122649,81.29754701348264,81.19962841145899,81.28499334655653,81.50844861784127,81.36533681488362,81.45572321675161,81.40299781566195,81.68671068819201,81.61641015340581,81.76956488990434,81.45070174998115,81.34274021441664,81.51095935122649,81.44065881644028,81.73441462251124,81.85744055838711,81.33520801426097,81.17703181099198,81.61138868663537,81.78965075698612,81.47329835044816,81.94531622686986,81.7067965552738,81.43061588289939,81.30758994702353,81.61389942002059,82.29932963418615,81.77960782344523,81.95535916041075,81.26239674608955,81.62394235356147,82.0407240955083,81.9377840267142,81.82982249114967,82.10349243013884,82.04323482889352,81.95284842702553,82.11353536367973,81.69424288834769,81.50342715107081,82.03068116196741,81.69173215496247,82.0532777624344,81.96540209395164,82.02314896181173,82.467548770996,82.3043511009566,82.23907203294083,82.09093876321273,81.96791282733686,81.76705415651912
Bags_Under_Eyes,77.17743352833362,78.57842275728741,78.99018303246378,79.43960430841851,79.73084938110422,79.75595671495644,80.2581033920008,80.15516332320671,80.76778226920084,80.56943433176829,80.9008511386176,80.78284666951218,80.83055060383138,80.9259584724698,81.31010068040875,80.96110873986291,81.10422054282056,81.17201034422155,81.26490747947476,80.87574380476538,80.6723744005624,81.51849155138216,81.12932787667279,81.25737527931909,81.32516508072008,81.2121820783851,81.154435210525,81.74445755605213,81.2473323457782,81.45572321675161,81.69424288834769,81.23226794546687,81.40550854904717,81.75701122297824,81.62645308694671,82.00055236134475,81.89761229255066,81.74947902282256,81.62645308694671,82.27422230033393,82.16123929799895,81.81977955760878,81.9854879610334,82.04825629566396,82.17379296492506,82.26166863340781,82.34703356850537,82.42988777021769,81.73441462251124,82.65585377488766,82.14366416430241,82.22902909939994,82.444952170529,81.88254789223933,82.65585377488766,82.75126164352608,82.63325717442065,82.59057470687188,82.26920083356347,82.51274197193001
Bald,91.33545908759949,92.67870144869316,93.84619247282131,94.28054934846467,94.63456275578095,94.56426222099476,94.72745989103416,95.144241632981,95.27731050239777,95.1467523663662,95.41289010519972,95.56604484169827,95.65140977679579,95.8698435813101,96.10083105275051,95.95520851640764,96.25398578924904,96.17113158753672,96.54020939516431,96.55276306209043,96.54272012854956,96.95950187049637,96.68583193150721,96.98209847096336,96.95448040372592,97.18797860855156,97.1001029400688,97.31351527781266,97.29342941073088,97.2532576765673,97.5143739486304,97.3536870119762,97.42147681337718,97.40892314645107,97.47420221446684,97.59722815034272,97.64744281804717,97.56709934972004,97.59973888372794,97.69263601898115,97.59973888372794,97.5595671495644,97.47169148108162,97.87089808933187,97.83323708855356,97.9411986241181,97.79808682116048,97.73531848652992,97.69012528559591,97.97634889151121,97.77046875392305,98.02656355921565,98.03158502598608,97.77046875392305,97.98388109166687,97.94370935750332,98.0114991589043,98.06422455999396,98.03911722614176,98.07175676014963
Bangs,80.05724472118304,84.98832508975872,92.72138391624192,93.6704411358558,94.26799568153858,94.44374701850413,94.70235255718195,94.78269602550905,94.85048582691003,94.91827562831104,95.05134449772777,95.06640889803913,95.09653769866179,95.09653769866179,95.24969243516031,95.26475683547164,95.13670943282531,95.34510030379873,95.28986416932386,95.31246076979086,95.38025057119185,95.30241783624996,95.35514323733965,95.22207436792287,95.40284717165883,95.36769690426573,95.45557257274851,95.47314770644505,95.38778277134752,95.44301890582237,95.47565843983028,95.53842677446082,95.34007883702829,95.39531497150318,95.47314770644505,95.2145421677672,95.20952070099676,95.53340530769036,95.26475683547164,95.5484697080017,95.56604484169827,95.38778277134752,95.30995003640564,95.57608777523916,95.30995003640564,95.50578724045292,95.49825504029728,95.48570137337116,95.46059403951892,95.13419869944009,95.49323357352682,95.52838384091991,95.45055110597805,95.5710663084687,95.41540083858494,95.40033643827364,95.55098044138693,95.57608777523916,95.41289010519972,95.4907228401416
Big_Lips,71.31236034045544,71.85216801827814,72.18860629189788,71.37512867508599,72.23631022621706,72.23631022621706,72.5150016319767,73.12008837781516,73.34103291571468,72.5375982324437,73.99131286248712,73.39626905018956,74.10680659820734,73.01463757563585,73.25817871400236,74.47839513922017,73.2180069798388,74.37294433704085,74.41060533781919,73.69504632303095,73.44397298450878,74.43320193828617,74.43320193828617,73.30337191493635,74.39554093750785,73.05732004318462,74.42064827136006,74.99560621657587,74.13191393205956,73.93607672801225,74.53112054030983,73.88084059353737,74.36290140349996,74.71440407743101,74.38298727058174,75.03828868412464,74.08923146451079,73.97373772879058,74.50099173968718,75.70865449797886,75.09603555198473,74.5863566747847,74.74202214466845,74.88764468101131,75.23412588817195,75.56052122825078,75.22659368801627,74.30766526902508,74.35787993672952,74.91777348163399,74.25745060132064,74.8976876145522,75.78397649953551,74.32272966933641,75.3220015566547,74.77215094529113,75.80657310000252,75.61324662934042,74.88011248085566,75.12365361922217
Big_Nose,77.68962313891888,79.07805870094656,79.8212357829722,80.01958372040473,80.2581033920008,80.4890908634412,81.13937081021365,81.24231087900777,81.3628260814984,81.40048708227674,81.60134575309448,81.51849155138216,81.70177508850334,81.64653895402847,81.98297722764819,81.67164628788069,81.76956488990434,81.73441462251124,82.11604609706495,81.85241909161667,81.46827688367772,82.31941550126794,81.9377840267142,82.00808456150041,82.06332069597529,81.85492982500189,82.0758743629014,82.45248437068467,82.12357829722062,82.08340656305705,82.53533857239701,81.96791282733686,82.1336212307615,82.02063822842652,82.32192623465316,82.63074644103543,82.34452283512016,82.55793517286399,82.13613196414674,82.648321574732,82.66087524165809,82.59308544025708,82.55291370609355,82.54538150593787,82.74624017675563,82.82909437846796,82.69351477566597,82.81905144492707,82.11855683045017,82.74624017675563,82.57551030656055,82.83662657862362,82.96718471465516,81.91016595947677,82.79645484446006,83.03748524944136,82.99731351527781,83.00233498204825,82.42737703683245,82.59810690702756
Black_Hair,79.20861683697808,84.98079288960304,87.1601094679756,87.8756684827638,88.53348062969195,88.95026237163877,89.16116397599737,89.40470511436389,89.64824625273043,89.66582138642697,89.63569258580429,89.64071405257475,89.9093625247935,89.85161565693339,90.07507092821814,89.84659419016295,89.9671093926536,89.95957719249795,90.01230259358759,90.03238846066938,90.00728112681715,89.87672299078562,90.00728112681715,90.10017826207034,89.88174445755604,89.87672299078562,90.11775339576691,90.08762459514423,90.22069346456101,90.02736699389892,90.22571493133144,90.130307062693,90.29099399934721,90.18052173039743,90.16796806347132,90.09264606191469,90.18554319716787,90.243290065028,90.0022596600467,89.99472745989105,90.29350473273243,90.17047879685656,90.19307539732357,90.12277486253734,90.2809510658063,89.99723819327627,90.18805393055312,89.94451279218659,90.26337593210975,89.89178739109694,89.84408345677772,89.68841798689398,90.03740992743981,90.31107986642898,89.66582138642697,90.25082226518366,89.99221672650582,89.94451279218659,90.1830324637827,90.02987772728414
Blond_Hair,87.61204147731554,92.43516031032664,93.30136332822819,94.01190087624596,94.26046348138293,94.29059228200558,94.58434808807651,94.62451982224009,94.78520675889428,94.75758869165684,94.83542142659871,94.93585076200758,94.85299656029528,94.87559316076228,95.04381229757212,94.99861909663812,95.02372643049034,95.00364056340857,94.88312536091793,94.89818976122926,94.87810389414749,95.10155916543222,95.01619423033468,94.88312536091793,94.99108689648244,94.97602249617113,94.98606542971201,95.05887669788343,95.1141128323583,95.12415576589922,94.9710010294007,95.1467523663662,95.099048432047,95.04381229757212,95.02121569710512,95.04381229757212,95.00112983002334,95.04381229757212,95.04883376434256,95.20952070099676,95.18441336714454,95.17185970021843,95.02372643049034,94.96849029601546,95.189434833915,95.17688116698886,95.03628009741644,95.17185970021843,94.9484044289337,95.23462803484898,95.1467523663662,95.31246076979086,95.30995003640564,95.24718170177508,95.03376936403124,95.26475683547164,94.91074342815537,95.19445630068545,95.08900549850613,94.91074342815537
Blurry,87.03708353209974,87.79030354766627,88.91762283763089,89.88927665771172,90.17801099701221,90.46423460292752,90.43410580230486,91.73717642923498,92.33975244168822,91.68445102814532,92.0033141680685,92.246855306435,92.64104044791485,92.76657711717593,92.86198498581436,92.56571844635819,93.25868086067939,93.02518265585377,93.09548319064,93.4419643978006,93.56499033367645,93.48715759873457,93.39928193025185,93.44447513118584,93.45451806472671,93.47962539857893,93.52732933289812,93.43192146425972,93.51728639935725,93.57252253383213,93.75831680433856,93.85874613974742,93.98177207562328,93.58507620075822,93.64031233523312,93.84117100605087,93.5926084009139,93.49217906550504,93.48715759873457,93.37668532978485,93.5926084009139,93.75831680433856,93.75329533756809,93.90896080745186,93.90393934068142,93.54239373320948,93.73320947048632,93.37668532978485,93.5449044665947,93.89389640714052,94.04705114363905,94.14245901227748,93.95415400838587,94.45127921865976,94.21024881367849,94.11735167842528,94.09726581134348,93.73320947048632,94.18765221321148,93.84619247282131
Brown_Hair,72.36937909563383,77.78000954078686,80.63220266639884,81.82731175776445,82.7989655778453,83.74049059730349,84.27025534158528,84.51128574656656,84.89542795450552,85.25446282859224,85.16407642672425,85.31220969645233,85.44778929925431,85.31472042983755,85.59843330236762,85.72648070501393,85.60094403575285,85.85954957443069,85.84197444073413,85.83695297396369,85.92482864244646,86.06291897863365,86.07798337894499,86.04032237816665,86.13824098019032,86.04534384493711,86.03781164478144,86.11815511310854,85.7917597730297,86.08802631248587,86.14326244696078,86.26879911622184,86.15079464711643,86.36671771824551,86.27130984960706,86.28888498330362,86.37424991840116,86.25122398252529,86.43199678626127,86.55000125536671,86.04785457832233,86.25373471591051,86.39935725225338,86.44455045318738,86.15581611388687,86.43199678626127,86.28637424991841,86.62532325692335,86.31650305054106,86.59268372291548,86.40940018579425,86.51485098797359,86.4721685204248,85.92733937583168,86.60272665645634,86.10811217956766,86.5977051896859,86.21105224836175,86.47718998719526,86.55753345552236
Bushy_Eyebrows,80.04469105425693,83.39400939014286,84.70712295061386,84.70461221722866,85.0887544251676,85.48293956664743,85.87461397474202,86.1482839137312,86.11815511310854,86.6880915915539,86.69562379170955,86.57761932260414,87.23794220291747,86.94920786361696,87.62208441085642,87.64217027793819,87.24547440307312,88.23721409023575,87.72000301288006,87.44382234050566,87.72251374626528,88.18197795576089,88.6665494991087,88.53599136307716,88.57114163047025,88.3250897587185,88.91260137086044,89.34695824650379,89.13605664214516,88.90757990408999,89.29172211202892,89.2214215772427,89.10341710813731,89.35449044665947,89.51266664992846,89.2214215772427,89.69595018704962,89.75620778829494,89.50764518315799,90.17047879685656,89.8742122574004,90.05247432775114,90.10017826207034,89.7712721886063,89.88927665771172,90.02736699389892,90.08762459514423,90.19307539732357,89.75118632152453,89.96962012603882,89.75118632152453,89.82901905646641,90.43159506891963,89.51768811669889,90.12277486253734,90.33869793366642,90.20311833086443,90.04494212759548,89.94702352557181,90.32363353335508
Chubby,88.66906023249392,90.22320419794623,90.96889201335709,91.31286248713249,91.81500916417687,91.92045996635618,91.86773456526652,92.12634010394436,92.40001004293354,92.21923723919755,92.25940897336113,92.201662105501,92.30962364106556,92.19412990534536,92.57325064651384,91.88028823219265,92.37741344246656,92.09872203670693,92.75653418363504,92.20919430565668,91.75977302970198,92.97747872153455,91.93552436666752,92.39749930954832,92.337241708303,91.99327123452758,92.36234904215523,92.81930251826559,92.23932310627933,92.46026764417887,93.07288659017297,92.01084636822416,92.28702704059856,91.97318536744585,92.6033794471365,93.01513972231287,92.69627658238971,92.86198498581436,92.39749930954832,92.78917371764292,92.83436691857693,92.79419518441335,92.27447337367242,93.13565492480352,93.17582665896707,93.20846619297495,92.95488212106756,92.73644831655326,92.03846443546159,93.22604132667152,92.77662005071682,93.06786512340254,93.36915312962915,92.80423811795427,93.15071932511486,93.45953953149716,93.3390243290065,93.17331592558186,92.4979286449572,92.50546084511286
Double_Chin,89.35700118004469,91.46601722363104,92.45022471063798,92.81930251826559,93.13816565818877,93.22855206005674,93.25868086067939,93.31642772853952,93.68299480278186,93.4720931984233,93.57503326721735,93.45953953149716,93.6026513344548,93.35659946270306,93.74827387079765,93.2963418614577,93.43192146425972,93.45953953149716,93.85121393959177,93.3967711968666,92.78917371764292,94.12739461196615,93.20093399281929,93.57754400060257,93.51728639935725,93.3741745963996,93.5449044665947,94.14999121243315,93.47711466519371,93.72065580356022,94.37595721710312,93.19591252604886,93.37668532978485,93.26621306083507,93.6252479349218,94.10228727811392,93.83866027266563,93.96921840869715,93.48966833211979,93.9466218082302,94.08471214441738,93.92151447437796,93.33651359562128,94.42617188480757,94.2002058801376,94.48140801928244,93.95164327500065,93.99181500916416,93.19089105927841,94.44876848527454,93.75831680433856,94.18263074644103,94.44123628511886,93.66793040247057,94.386000150644,94.66971302317408,94.28808154862035,94.33578548293957,93.50222199904593,93.69303773632278
Eyeglasses,87.76017474704359,90.57219613849207,93.0854402570991,96.06317005197218,97.63237841773581,98.53875316980091,98.6768435059881,98.93293831128072,99.02332471314872,99.10617891486105,99.12375404855759,99.22418338396645,99.20911898365513,99.3346556529162,99.28444098521177,99.3346556529162,99.28946245198222,99.3672951869241,99.31959125260487,99.38487032062064,99.36227372015364,99.41499912124331,99.41750985462852,99.44010645509552,99.40997765447287,99.39240252077632,99.42253132139898,99.45517085540686,99.45266012202164,99.42253132139898,99.43257425493988,99.44010645509552,99.42253132139898,99.47776745587385,99.4250420547842,99.43759572171032,99.45266012202164,99.45266012202164,99.38487032062064,99.43006352155464,99.45014938863642,99.43006352155464,99.43759572171032,99.47525672248864,99.45266012202164,99.5154284566522,99.48781038941476,99.41248838785809,99.41499912124331,99.4476386552512,99.44010645509552,99.43508498832509,99.50036405634087,99.43006352155464,99.43006352155464,99.43508498832509,99.48781038941476,99.41499912124331,99.46270305556251,99.49032112279995
Goatee,88.51841622938059,92.54814331266162,93.96921840869715,94.24539908107158,94.27803861507948,94.50651535313463,94.58936955484695,94.6496271560923,94.94338296216324,94.9157648949258,94.79273895904993,94.89818976122926,95.09653769866179,94.92078636169626,95.22709583469332,94.62451982224009,95.05385523111299,94.99108689648244,95.07143036480957,95.16432750006277,95.11913429912876,95.15930603329231,94.95593662908935,95.12666649928444,95.19194556730021,95.23211730146376,95.27982123578299,95.32752517010219,95.3049285696352,95.3049285696352,95.3978257048884,95.26977830224207,95.12666649928444,94.65715935624796,95.6062165758618,95.43046523889628,95.39029350473274,95.25973536870121,95.46812623967459,95.48821210675638,95.21705290115244,95.49825504029728,95.33003590348741,95.47063697305984,95.11160209897312,95.49825504029728,95.24718170177508,95.41791157197015,95.3727183710362,95.47314770644505,95.22207436792287,95.35514323733965,95.38527203796231,95.37020763765095,95.54093750784605,95.66145271033669,95.66898491049237,95.42544377212583,95.48570137337116,95.62128097617314
Gray_Hair,89.64573551934521,92.6586155816114,94.31067814908735,94.74001355796028,95.17437043360366,95.2019885008411,95.40284717165883,95.48821210675638,95.85477918099879,95.52336237414947,95.76188204574557,95.90248311531799,95.95771924979286,96.02801978457909,96.07823445228351,96.00291245072685,96.20879258831505,95.75937131236034,96.21883552185595,95.95771924979286,95.8497577142283,96.37701172512492,96.1560671872254,96.00542318411208,96.13598132014359,96.17615305430715,96.1234276532175,96.36947952496924,96.09580958598008,96.35943659142836,96.68081046473677,96.26905018956036,96.08325591905395,96.07572371889827,96.20879258831505,96.64314946395842,96.36194732481357,96.38454392528057,96.31173265710916,96.53518792839388,96.6079991965653,96.53016646162344,96.09832031936527,96.60046699640965,96.70591779858896,96.65821386426977,96.46237666022243,96.63059579703231,96.41718345928844,96.7661753998343,96.40714052574756,96.63310653041754,96.82643300107962,96.68583193150721,96.66072459765499,96.88417986893973,96.79128273368653,96.84400813477616,96.5502523287052,96.33683999096137
Heavy_Makeup,90.01732406035805,90.71028647467924,90.9914886138241,91.11200381631474,91.28775515328027,91.48359235732758,91.30784102036205,91.38567375530391,91.45848502347536,91.42584548946749,91.7622837630872,91.77232669662807,91.77232669662807,91.59657535966257,91.75977302970198,92.0033141680685,91.78236963016896,91.93050289989706,91.76479449647242,91.91543849958572,91.84764869818474,92.01837856837984,91.97569610083107,91.94054583343795,91.79492329709507,92.1313615707148,92.01837856837984,92.14391523764091,92.26191970674635,91.99829270129807,91.95812096713449,92.0033141680685,92.09370056993649,92.05855030254335,92.1313615707148,91.90288483265962,92.0133571016094,92.15897963795223,92.14140450425569,92.08365763639559,92.07110396946949,92.1313615707148,92.06859323608423,92.1539581711818,92.12634010394436,92.18408697180445,91.91041703281529,92.07612543623993,91.99578196791285,91.83760576464384,92.07612543623993,91.97569610083107,91.94054583343795,91.99578196791285,91.9003740992744,92.15897963795223,91.97067463406059,92.05603956915813,91.99578196791285,92.0033141680685
High_Cheekbones,82.77134751060784,84.31042707574882,85.65366943684249,86.145773180346,86.09304777925631,86.75337065956967,86.80107459388887,86.87639659544554,87.25049586984358,87.20781340229479,87.25049586984358,87.0571693991815,87.24547440307312,87.29066760400713,87.28062467046624,87.3333500715559,87.30071053754801,87.29066760400713,87.33083933817068,87.34841447186724,87.42122574003866,87.38105400587511,87.34088227171156,87.391096939416,87.45135454066134,87.38607547264557,87.3433930050968,87.29568907077757,87.26556027015492,86.70064525848001,87.44382234050566,87.63212734439729,87.50659067513621,87.34088227171156,87.35845740540813,87.46139747420222,87.12998066735294,87.09734113334505,87.29317833739235,87.52165507544754,87.52165507544754,87.53671947575887,87.63965954455297,86.91907906299429,87.549273142685,87.26053880338446,87.56684827638153,87.37854327248989,87.52667654221798,87.20781340229479,87.08729819980417,87.53671947575887,87.3333500715559,87.42373647342389,87.52667654221798,87.04712646564062,87.58442341007809,87.55429460945544,87.52667654221798,87.58944487684853
Male,95.09402696527657,96.45986592683721,97.22061814255943,97.53445981571215,97.85583368902056,97.98388109166687,98.0441386929122,98.16716462878807,98.24248663034471,98.18725049586985,98.20984709633684,98.22993296341862,98.29019056466394,98.34291596575359,98.30023349820485,98.32785156544226,98.34291596575359,98.33789449898316,98.4358131010068,98.25001883050041,98.34040523236835,98.46343116824423,98.47849556855556,98.48351703532602,98.52871023626,98.51866730271912,98.52117803610436,98.50109216902256,98.5136458359487,98.41070576715458,98.50360290240779,98.56386050365313,98.53624243641569,98.54879610334179,98.48100630194081,98.573903437194,98.51615656933392,98.50109216902256,98.48602776871124,98.52368876948955,98.506113635793,98.59398930427578,98.53875316980091,98.56386050365313,98.53624243641569,98.56888197042356,98.57641417057924,98.5136458359487,98.49858143563736,98.48602776871124,98.47849556855556,98.47096336839992,98.59147857089056,98.48351703532602,98.49607070225213,98.460920434859,98.46343116824423,98.49104923548168,98.4358131010068,98.43832383439201
Mouth_Slightly_Open,81.0163448743378,84.44098521178036,89.62313891887821,90.32865500012554,91.56142509226945,92.50295011172764,92.5381003791207,92.72138391624192,93.16829445881142,93.28127746114642,93.34404579577696,93.34655652916216,93.41183559717794,93.54239373320948,93.40681413040751,93.45702879811192,93.46205026488238,93.54239373320948,93.695548469708,93.63278013507744,93.60014060106957,93.60767280122525,93.61269426799568,93.85121393959177,93.84117100605087,93.57503326721735,93.80099927188732,93.38923899671093,93.38672826332571,93.66290893570013,93.47711466519371,93.87381054005877,93.5348615330538,93.93155740791886,93.59511913429913,93.50724346581636,93.86376760651787,93.84117100605087,93.86125687313265,93.86627833990309,93.718145070175,93.49468979889024,93.98679354239373,93.50724346581636,93.60767280122525,93.82610660573955,93.77589193803509,93.64784453538877,93.59762986768436,93.76835973787942,93.763338271109,93.36664239624395,93.55494740013556,93.50975419920158,93.68801626955235,93.38923899671093,93.78844560496121,93.73069873710112,93.48715759873457,93.45200733134148
Mustache,89.08835270782595,91.52376409149113,92.91722112028923,92.79670591779859,92.76155565040548,93.10050465741043,93.2235305932863,93.33400286223606,93.44447513118584,93.65286600215923,93.04275778955031,93.3264706620804,93.62022646815134,93.3490672625474,93.83363880589519,92.94232845414145,93.50724346581636,93.3390243290065,93.672951869241,93.60516206784,93.31893846192473,93.79597780511688,93.26872379422028,93.69052700293757,93.65286600215923,93.67797333601143,93.90645007406664,94.11484094504006,93.83112807250997,93.85874613974742,94.28306008184992,93.93406814130407,93.66793040247057,93.36915312962915,94.48391875266763,94.36591428356225,94.17007707951493,94.07466921087651,94.29561374877602,94.37595721710312,94.08973361118782,94.33327474955436,93.97423987546763,94.386000150644,94.0194330764016,94.43621481834845,94.12739461196615,94.1675663461297,94.1801200130558,94.42617188480757,94.10730874488438,94.25293128122722,94.37093575033268,94.27301714830902,94.52157975344599,94.85299656029528,94.7651208918125,94.47136508574154,94.06211554395037,94.33076401616913
Narrow_Eyes,81.79216149037134,81.4431695498255,82.42737703683245,80.94353360616634,82.14617489768763,80.55939139822742,81.1795425443772,82.22902909939994,81.41053001581761,81.89510155916544,82.7537723769113,80.9134048055437,82.71108990936254,81.34525094780186,82.66087524165809,82.22149689924427,82.8215621783123,82.38971603605412,82.97220618142559,81.64904968741371,81.86999422531322,82.88181977955759,82.40980190313591,82.08089582967185,82.86926611263151,82.37716236912802,82.29179743403049,84.19744407341383,83.90368826734289,82.81905144492707,83.84594139948278,82.3395013683497,81.9151874262472,83.71036179668081,84.34808807652716,83.47435285846996,83.86100579979411,83.52707825955962,83.22327951994778,85.0661578247006,84.50124281302568,84.97577142283261,83.38396645660197,84.10203620477542,84.1246328052424,84.57405408119713,84.60920434859023,84.71465515076954,83.51201385924828,85.77920610610359,84.67699414999122,85.78673830625925,86.22862738205829,84.74729468477744,85.47038589972131,86.28386351653316,86.07547264555977,85.72648070501393,85.274548695674,85.55072936804841
No_Beard,83.75806573100003,90.60734640588517,93.8210851389691,93.45953953149716,93.46456099826759,93.8788320068292,94.44876848527454,94.42115041803713,94.82035702628738,94.9961083632529,94.21527028044892,94.80529262597605,95.2245851013081,94.62200908885485,95.45557257274851,94.28306008184992,94.77265309196815,94.9157648949258,94.94338296216324,94.87057169399182,94.92831856185192,94.95844736247456,94.59188028823222,94.83039995982828,94.92078636169626,95.02372643049034,95.40535790504408,95.19194556730021,95.23964950161944,94.95844736247456,95.54344824123127,95.2245851013081,94.5818373546913,94.11484094504006,95.92507971578495,95.55098044138693,95.26475683547164,95.10406989881744,95.29237490270908,95.7066459112707,95.26726756885687,95.44552963920759,95.1141128323583,95.50829797383815,94.82537849305784,95.46561550628937,95.15177383313666,95.30743930302042,95.14173089959576,95.6162595094027,94.91827562831104,94.52911195360164,95.38276130457709,94.7776745587386,95.35012177056922,95.64136684325493,95.61877024278792,95.41037937181451,95.32501443671696,95.49323357352682
Oval_Face,69.58246503803761,69.73310904115094,70.3281528534485,70.59680132566724,70.5239900574958,71.20942027166136,71.16924853749782,70.88302493158251,71.21946320520225,71.55590147882197,71.73667428255794,71.62871274699341,72.06055888925155,71.6161590800673,71.97017248738356,72.01285495493235,72.05804815586633,72.2513746265284,71.76178161641016,72.2262672926762,72.57023776645158,72.43967963042004,72.40704009641216,72.26141756006929,72.33925029501117,72.72841396972055,72.39197569610083,72.74347837003187,72.9744658414723,73.23056064676491,73.03221270933241,73.01463757563585,73.44146225112354,73.7804112581285,73.55946672022898,73.50674131913931,73.71513219011274,73.92101232770092,73.6423209219413,73.98378066233147,74.09676366466645,74.09174219789601,74.32272966933641,74.19217153330487,74.51856687338372,74.33779406964773,74.28506866855808,74.61146400863694,74.6189962087926,74.36541213688518,74.89266614778177,74.85249441361822,74.65414647618569,74.83240854653644,74.40558387104873,74.81483341283989,74.13191393205956,74.60895327525171,74.80730121268422,75.04331015089508
Pale_Skin,88.03886615280324,88.92766577117176,89.26159331140627,89.56288131763289,89.11848150844862,89.44487684852746,89.71854678751663,88.35019709257074,90.13532852946345,90.70275427452358,90.9914886138241,89.60556378518166,90.22320419794623,90.04243139421024,91.16975068417484,91.13711115016694,90.92620954580832,91.79492329709507,91.18230435110095,90.81824801024379,91.30281955359159,92.7540234502498,93.58256546737302,92.68623364884884,92.94986065429713,93.38923899671093,93.45200733134148,93.695548469708,93.5348615330538,93.07790805694344,93.48966833211979,94.04956187702429,93.77589193803509,94.06713701072084,94.23786688091593,93.763338271109,94.18514147982626,94.07466921087651,94.3282532827839,94.84044289336916,95.09653769866179,93.85874613974742,94.53413342037209,94.03951894348342,94.40859675111099,94.3031459489317,94.1449697456627,94.7902282256647,94.57932662130608,94.8906575610736,94.51153681990507,94.44123628511886,95.34007883702829,95.00866203017901,94.14748047904793,94.80278189259084,94.94087222877802,94.65967008963318,95.04381229757212,95.0613874312687
Pointy_Nose,68.8568630897085,70.07959024831153,70.76250972909187,70.36581385422681,70.44615732255392,70.77506339601797,70.97592206683572,70.639483793216,71.04873333500716,70.94077179944263,71.41278967586432,71.32491400738155,71.64879861407519,71.6161590800673,72.03294082201411,71.93000075322001,71.81952848427025,72.09821989002988,72.13839162419345,72.1007306234151,72.4597654975018,72.19613849205355,72.49993723166537,72.35682542870771,72.46478696427226,72.81126817143287,72.4698084310427,72.64304903462302,72.92425117376786,72.65560270154913,72.7936930377363,72.94935850762008,72.97697657485752,72.73343543649098,72.72590323633533,72.76105350372843,73.02970197594719,72.74598910341709,72.96944437470184,73.09498104396296,72.97948730824272,73.30337191493635,73.33350071555901,73.29332898139545,72.92676190715308,73.41635491727133,73.20545331291271,73.16779231213437,73.58959552085166,73.67998192271962,73.23809284692058,73.43141931758268,73.6774711893344,73.09749177734818,73.5494237866881,73.43141931758268,73.23809284692058,73.31341484847724,73.37869391649299,73.85573325968515
Receding_Hairline,85.53566496773708,87.78026061412537,88.26734289085842,88.69667829973135,88.89502623716386,89.0130307062693,88.78706470159933,89.06575610735895,89.69092872027917,89.72105752090185,89.49760224961712,89.44236611514224,90.0223455271285,89.80893318938463,90.55713173818071,90.11273192899642,90.56717467172163,90.16545733008611,90.58726053880336,90.46423460292752,89.89931959125259,90.95633834643101,90.64249667327827,90.75045820884279,90.73539380853147,90.50942780386153,90.39142333475607,90.94378467950487,91.08940721584774,90.78560847623592,91.4635064902458,90.4868312033945,90.90361294534134,90.86093047779256,90.9186773456527,91.53882849180245,91.21243315172363,91.45597429009014,91.46099575686058,91.48610309071279,91.59155389289214,91.61163975997387,91.35554495468126,91.79994476386551,91.95561023374927,91.74470862939064,91.5162318913355,91.58402169273643,91.02412814783199,91.83509503125865,91.57146802581032,91.91543849958572,92.0635717693138,91.81500916417687,92.02340003515027,92.29706997413945,91.92548143312662,91.89284189911874,92.01084636822416,91.77734816339851
Rosy_Cheeks,88.44560496120917,89.52019885008411,90.31861206658465,90.27341886565064,90.65505034020435,90.39142333475607,90.71781867483492,90.49938487032064,90.97642421351276,91.20992241833841,91.29277662005072,91.62168269351477,91.56644655903987,91.13208968339652,91.84513796479952,91.9782068342163,91.48861382409801,92.31966657460644,92.0033141680685,91.8426272314143,91.89535263250394,92.37490270908131,92.314645107836,91.96565316729016,92.08114690301036,92.01084636822416,92.69376584900448,92.83436691857693,92.63099751437395,92.7640663837907,92.28200557382813,92.47784277787542,92.71134098270106,92.5205252454242,92.54814331266162,92.61844384744785,92.22928017273846,93.01513972231287,92.63350824775915,93.005096788772,92.6159331140626,92.93730698737103,92.28200557382813,93.17833739235229,93.07790805694344,93.3490672625474,92.9121996535188,92.6837229154636,92.0861683697808,92.78164151748726,92.91722112028923,93.08292952371387,92.95488212106756,93.13816565818877,92.80172738456905,93.20846619297495,92.89462451982223,93.2109769263602,93.12310125787742,93.02267192246856
Sideburns,88.2999824248663,92.87704938612568,94.30565668231691,94.28054934846467,94.3156996158578,94.50400461974941,94.85801802706571,94.87308242737706,95.10155916543222,95.2019885008411,94.97853322955635,95.12917723266966,95.34258957041351,95.189434833915,95.33505737025786,94.85299656029528,95.26726756885687,95.19445630068545,95.27228903562731,95.2747997690125,95.24467096838987,95.3174822365613,95.01117276356425,95.26726756885687,95.24467096838987,95.46812623967459,95.47063697305984,95.49574430691204,95.39029350473274,95.5710663084687,95.70162444450024,95.42795450551105,95.21956363453764,94.9935976298677,95.80456451329434,95.68656004418892,95.55098044138693,95.3174822365613,95.66647417710712,95.72171031158202,95.41540083858494,95.5811092420096,95.41289010519972,95.61123804263224,95.28986416932386,95.62881317632879,95.2747997690125,95.54344824123127,95.41037937181451,95.65392051018101,95.23964950161944,95.30995003640564,95.49825504029728,95.41289010519972,95.53340530769036,95.80456451329434,95.73426397850812,95.58613070878005,95.51583017399382,95.64136684325493
Smiling,87.14253433427905,88.4707122950614,90.03238846066938,90.28848326596201,90.22822566471666,91.10196088277384,91.2450726857315,91.42082402269705,91.80998769740641,92.12885083732958,92.05352883577291,91.79492329709507,92.201662105501,92.41507444324488,92.20668357227146,92.32970950814732,92.5682291797434,92.04599663561726,92.11629717040348,92.31966657460644,92.28200557382813,92.46026764417887,92.47784277787542,92.6159331140626,92.61844384744785,92.20417283888624,92.63350824775915,92.42511737678578,92.57576137989906,91.67440809460443,92.57325064651384,92.60086871375128,92.38745637600745,92.56571844635819,92.58329358005471,92.56320771297294,92.29455924075424,92.35732757538477,92.74900198347936,92.65610484822616,92.48788571141633,92.46779984433455,92.78164151748726,92.11378643701825,92.54814331266162,92.34477390845865,92.6385297145296,92.35481684199956,92.65610484822616,92.46779984433455,92.1891084385749,92.5807828466695,92.51299304526852,92.4652891109493,92.62848678098871,91.9907605011424,92.5381003791207,92.80172738456905,92.25438750659069,92.34477390845865
Straight_Hair,73.08493811042206,76.00241030404982,77.16739059479274,78.13904441487358,78.8420497627357,79.28644957191996,79.78357478219387,80.21291019106681,80.19031359059981,80.49160159682644,80.59956313239097,80.53930553114564,80.96613020663335,81.21971427854076,81.39044414873585,81.59130281955359,80.90587260538805,81.24482161239298,81.154435210525,81.99804162795952,81.94029476009942,81.44065881644028,81.90765522609153,82.03821336212306,81.87501569208365,81.5134700846117,81.67164628788069,81.89510155916544,81.77458635667479,81.97795576087775,82.23153983278516,82.37716236912802,82.29179743403049,82.40729116975069,82.490145371463,82.18383589846594,82.26920083356347,82.41482336990634,82.35205503527581,82.16375003138417,82.19136809862161,82.46252730422556,82.47508097115167,81.67164628788069,82.22902909939994,82.31188330111227,82.56546737301966,82.19136809862161,82.56797810640488,82.0181274950413,82.53784930578222,82.56295663963444,82.20643249893294,82.76130457706697,81.98799869441864,82.80900851138618,82.47508097115167,81.75952195636344,82.85169097893494,82.72866504305908
Wavy_Hair,71.83208215119636,78.17419468226669,81.20716061161465,82.50772050515955,83.4567777247734,83.81832333224534,84.29285194205228,84.34557734314194,84.54392528057446,84.80002008586708,85.03100755730748,84.98832508975872,85.10632955886416,84.93811042205428,85.14147982625725,85.14650129302771,85.15403349318335,85.32978483014888,85.29212382937055,85.27203796228878,85.26450576213313,85.48545030003264,85.30969896306709,85.43272489894298,85.47038589972131,85.3674458309272,85.43272489894298,85.3900424313942,85.39757463154987,85.41766049863166,85.4678751663361,85.28459162921489,85.47038589972131,85.39506389816465,85.49800396695875,85.46536443295086,85.42017123201688,85.63107283637551,85.5607723015893,85.44276783248387,85.59090110221196,85.50302543372919,85.55072936804841,85.59592256898242,85.74907730548092,85.49800396695875,85.49047176680307,85.42268196540209,85.02849682392227,85.4352356323282,85.32727409676366,85.35489216400109,85.47540736649175,84.8376810866454,85.38753169800898,85.28208089582967,85.24693062843656,85.48293956664743,85.16407642672425,85.32727409676366
Wearing_Earrings,78.3951392201662,79.16091290265886,80.26814632554171,80.92093700569936,81.94531622686986,82.51274197193001,83.10276431745713,83.93883853473598,84.63682241582768,84.92304602174295,85.49549323357353,85.77167390594792,86.13321951341987,86.27633131637751,86.61276958999723,86.92912199653519,87.04712646564062,87.29066760400713,87.4262472068091,87.7953250144367,87.34590373848202,88.15184915513822,88.13176328805645,88.39790102688995,88.79459690175501,88.15435988852344,88.90255843731954,89.07328830751463,89.13103517537472,89.3921514474378,89.3344045795777,89.14358884230083,89.32185091265158,89.2641040447915,89.76625072183585,89.91940545833437,89.48002711592056,90.02736699389892,89.83404052323685,90.03992066082502,89.9997489266615,90.01732406035805,89.86165859047428,90.2006075974792,90.25082226518366,90.34120866705165,90.27341886565064,90.12528559592256,89.56288131763289,90.21567199779057,89.71854678751663,90.3361872002812,90.36631600090385,90.07256019483292,90.2131612644053,90.47929900323885,90.28346179919156,90.54206733786941,90.49185267016495,90.33116573351076
Wearing_Hat,87.79783574782194,88.79710763514022,91.61415049335909,93.52984006628336,95.3174822365613,96.7109392653594,97.26581134349344,97.79306535439001,97.97383815812599,98.09435336061665,98.21989002987772,98.35044816590927,98.45589896808858,98.54628536995656,98.61156443797232,98.573903437194,98.63416103843932,98.7119937733812,98.70697230661078,98.69190790629943,98.6893971729142,98.76722990785608,98.73710110723343,98.74965477415955,98.7446333073891,98.76220844108565,98.76722990785608,98.75467624092998,98.71701524015164,98.77727284139698,98.81995530894574,98.78229430816742,98.84004117602751,98.80489090863442,98.85259484295362,98.8249767757162,98.84004117602751,98.83501970925707,98.84255190941273,98.81744457556051,98.89025584373195,98.8149338421753,98.81242310879007,98.74212257400387,98.88774511034671,98.88272364357628,98.86514850987972,98.85259484295362,98.82999824248662,98.8500841095684,98.8726807100354,98.92791684451029,98.88021291019106,98.85259484295362,98.85761630972408,98.86765924326497,98.91536317758415,98.88021291019106,98.87016997665016,98.90280951065806
Wearing_Lipstick,92.32970950814732,92.52303597880942,92.89211378643702,93.00258605538677,93.1431871249592,93.050289989706,93.21599839313065,93.1431871249592,93.26119159406464,93.3490672625474,93.10552612418087,93.02518265585377,93.1883803258932,93.2787667277612,93.28378819453164,93.17080519219664,93.36162092947349,93.34153506239171,93.46958246503806,93.02016118908331,93.41183559717794,93.20595545958977,93.34404579577696,93.3490672625474,93.40932486379272,93.23859499359764,93.13314419141831,93.20595545958977,93.20846619297495,92.92224258705969,93.38170679655529,93.5449044665947,93.20344472620451,93.3390243290065,93.13314419141831,93.47460393180849,93.45451806472671,93.40179266363705,93.28127746114642,93.22101985990109,93.46707173165281,93.37668532978485,93.40932486379272,93.1883803258932,93.43694293103016,92.95237138768236,93.3490672625474,93.34153506239171,93.42689999748929,93.46456099826759,93.44698586457106,93.49971126566071,93.46707173165281,93.47711466519371,93.40681413040751,93.3741745963996,93.38672826332571,93.31893846192473,93.47460393180849,93.19591252604886
Wearing_Necklace,80.79540033643828,80.73765346857817,81.0163448743378,80.02711592056039,80.81548620352005,79.92166511838109,80.11499158904316,80.24303899168947,81.20213914484421,80.46147279620376,81.05400587511613,81.19460694468854,81.68168922142158,80.02460518717517,82.11102463029451,80.95608727309245,80.50164453036732,80.97617314017424,81.49840568430038,80.6949710010294,80.86067940445405,82.10098169675362,82.62321424087976,80.26814632554171,81.57623841924227,81.09166687589445,81.75450048959301,81.79969369052702,82.08842802982751,81.57874915262748,81.15945667729544,80.76527153581561,80.71254613472595,81.27997187978609,81.72437168897035,82.39975896959501,80.15265258982149,81.74445755605213,82.0758743629014,82.20643249893294,81.82480102437924,81.57372768585705,81.912676692862,82.66338597504331,80.92093700569936,82.75126164352608,82.74624017675563,82.02565969519695,81.40801928243239,81.7193502221999,80.67990660071806,82.52529563885611,83.0199101157448,81.88756935900976,82.02063822842652,83.7655979311557,84.00160686936655,82.88684124632805,81.87752642546889,81.56368475231616
Wearing_Necktie,86.96678299731352,88.2547892239323,89.95455572572749,90.4843204700093,90.83331241055514,91.35303422129604,92.03344296869116,92.26191970674635,92.76155565040548,92.76908785056116,93.40932486379272,93.64784453538877,93.89389640714052,94.10228727811392,94.12739461196615,94.30816741570213,93.86627833990309,93.97926134223806,94.59690175500263,94.66971302317408,94.47136508574154,94.78018529212385,94.58685882146177,94.85299656029528,94.77265309196815,94.96346882924502,94.73499209118984,95.24718170177508,94.95342589570411,95.0915162318913,95.39029350473274,95.03376936403124,94.9383614953928,94.95091516231889,95.10155916543222,95.4329759722815,95.33756810364308,95.42042230535542,95.18692410052977,95.38527203796231,95.47816917321549,95.52336237414947,95.17185970021843,95.61877024278792,95.41037937181451,95.39280423811796,95.36267543749528,95.53842677446082,95.36267543749528,95.70162444450024,95.45306183936329,95.52838384091991,95.78447864621256,95.49574430691204,95.48319063998592,95.84222551407268,95.69158151095935,95.69911371111502,95.22709583469332,95.59617364232092
Young,74.69180747696402,81.36784754826886,83.58733586080494,84.73976248462176,85.50553616711441,85.63358356976073,85.53315423435184,86.0202365110849,87.29568907077757,86.40940018579425,86.6755379246278,86.61025885661202,87.22538853599136,86.92410052976473,87.31326420447412,86.67051645785735,87.32581787140025,86.7609028597253,88.16189208867911,86.5625549222928,86.36169625147505,87.78026061412537,86.86886439528986,87.1500665344347,87.51412287529187,87.1375128675086,87.63463807778254,88.149338421753,87.53671947575887,87.82545381505938,88.79459690175501,86.8387355946672,86.61025885661202,86.78349946019232,87.57186974315199,88.65399583218256,87.43377940696476,87.83549674860028,87.26556027015492,88.02631248587713,88.16942428883476,87.90077581661603,86.9743151974692,88.21461748976877,88.45815862813528,88.0463983529589,87.73255667980618,87.63212734439729,87.30071053754801,88.68412463280524,88.0338446860328,88.42049762735695,88.74187150066534,88.31002535840719,88.78204323482889,88.85736523638556,88.62888849833038,88.61884556478948,87.17517386828693,86.96678299731352
