,0,1,2,3,4,5,6,7,8,9,10,11,12,13,14,15,16,17,18,19,20,21,22,23,24,25,26,27,28,29,30,31,32,33,34,35,36,37,38,39,40,41,42,43,44,45,46,47,48,49
5_o_Clock_Shadow,88.91762283763087,90.67764694067137,91.29277662005072,91.17728288433051,91.93050289989706,91.96816390067539,92.28451630721334,91.77734816339853,92.35732757538477,92.45775691079365,92.49039644480153,92.92977478721535,92.89462451982224,92.85194205227347,93.00258605538677,92.93981772075624,92.95488212106757,93.03522558939466,92.99003238846068,92.94232845414146,93.02769338923899,93.19340179266364,93.16327299204097,93.19089105927841,93.04526852293554,93.41183559717794,92.91973185367446,93.44698586457105,93.46707173165282,93.49720053227547,93.40179266363705,93.56499033367646,93.45200733134149,93.6152050013809,93.14569785834442,93.48464686534936,93.46707173165282,93.20344472620452,93.40179266363705,93.43694293103016,93.71312360340455,93.49468979889025,93.42438926410405,93.61018353461046,93.68299480278189,93.48464686534936,93.68801626955234,93.75831680433855,93.45451806472671,93.71312360340455
Arched_Eyebrows,74.62150694217782,76.48949258078285,78.58595495744306,78.72906676040071,78.86213562981747,78.45790755479676,78.75417409425293,78.17419468226669,79.34168570639484,79.3366642396244,79.2111275703633,79.17848803635542,79.56263024429435,79.69569911371111,80.15767405659193,78.8194531622687,79.31908910592784,79.87898265083231,80.49662306359687,80.51670893067865,80.3836400612619,80.96864094001857,81.86999422531322,80.2681463255417,81.4783198172186,80.94353360616635,82.10600316352406,82.15119636445806,82.1436641643024,81.89761229255065,81.35780461472797,81.4431695498255,82.444952170529,83.46179919154385,82.64330010796154,82.93454518064726,82.31941550126793,82.72113284290342,82.59057470687188,83.39149865675763,82.36460870220192,83.45175625800296,82.93705591403248,83.41911672399507,83.17808631901379,83.79070526500792,83.70282959652515,83.78317306485225,83.31366592181577,83.41158452383941
Attractive,75.69861156443797,78.58846569082829,79.69318838032589,80.19784579075548,80.89331893846193,80.26312485877125,81.06153807527178,80.81548620352005,81.09166687589445,81.131838610058,80.89331893846193,81.55364181877526,81.5461096186196,81.38542268196541,81.6841999548068,81.23728941223732,81.71432875542946,81.77960782344523,81.77960782344523,81.76705415651912,81.79969369052701,81.79216149037134,81.71683948881468,81.72688242235557,81.6390067538728,81.75450048959301,81.56368475231615,81.7293931557408,81.8097366240679,81.88505862562454,81.7645434231339,82.06834216274574,81.87752642546889,81.98297722764819,81.84237615807578,81.94280549348464,81.57874915262748,81.46074468352205,81.62143162017625,81.90012302593587,81.67415702126591,81.63147455371714,81.26490747947476,81.84739762484622,82.18634663185117,80.7175676014964,81.82731175776445,82.1210675638354,82.0181274950413,81.92774109317331
Bags_Under_Eyes,79.70072058048156,80.09992718873183,80.58449873207964,80.63220266639885,80.52424113083431,80.73012126842251,81.06153807527178,81.20716061161465,81.38291194858019,81.26490747947476,81.5235130181526,81.3954656155063,81.88756935900976,81.67666775465113,81.76705415651912,82.03821336212307,81.27746114640087,82.2365612995556,82.11604609706495,82.13613196414673,82.14617489768762,82.48512390469256,82.2817545004896,82.29681890080093,82.08089582967185,82.15119636445806,82.58053177333099,82.48512390469256,82.72113284290342,82.2817545004896,82.57551030656055,82.20392176554772,82.5478922393231,82.55040297270833,82.52278490547089,82.93203444726204,82.73619724321475,83.2483868538,82.80649777800096,82.97973838158126,82.75628311029652,83.06008184990836,82.78390117753396,82.90692711340982,83.18310778578423,83.49192799216651,83.55218559341183,83.26596198749655,83.270983454267,83.70785106329559
Bald,97.6876145522107,97.6876145522107,97.6876145522107,97.6876145522107,97.68510381882548,97.6876145522107,97.68510381882548,97.70518968590726,97.72527555298903,97.78302242084914,97.77046875392303,97.79306535439002,97.87340882271711,97.9411986241181,98.07175676014964,98.05418162645309,98.2399758969595,98.24248663034473,98.19227196264029,98.34793743252403,98.42828090085114,98.3906199000728,98.44836676793291,98.49858143563735,98.43079163423636,98.48351703532602,98.50862436917824,98.57139270380878,98.596500037661,98.52117803610435,98.72454744030732,98.61658590474278,98.73710110723343,98.79484797509352,98.7923372417083,98.73710110723343,98.83753044264229,98.6768435059881,98.8048909086344,98.6994401064551,98.7345903738482,98.8952773105024,98.86263777649451,98.8274875091014,98.75969770770043,98.79735870847874,98.82246604233096,98.87016997665017,98.85510557633884,98.77225137462653
Bangs,84.85525622034196,84.85525622034196,88.63893143187126,93.35911019608828,93.54239373320947,94.1901629465967,94.6847774234854,94.83793215998394,94.98606542971201,95.19445630068543,95.11411283235833,95.44301890582238,95.50327650706771,95.42795450551105,95.30743930302042,95.39531497150318,95.59617364232092,95.53340530769037,95.39531497150318,95.68907077757413,95.77192497928645,95.5133194406086,95.58361997539481,95.62379170955836,95.53089457430515,95.6514097767958,95.65643124356625,95.65643124356625,95.80456451329434,95.56855557508348,95.7191995781968,95.59617364232092,95.63132390971403,95.69158151095935,95.6740063772628,95.87737578146577,95.834693313917,95.84222551407267,95.72924251173768,95.66647417710713,95.78447864621256,95.70413517788546,95.70162444450024,95.64387757664014,95.75937131236034,95.7995430465239,95.80707524667956,95.60872730924703,95.83720404730222,95.74681764543423
Big_Lips,75.74129403198674,75.74129403198674,75.74631549875718,75.7940194330764,75.81912676692862,75.85929850109217,75.88691656832961,75.9321097692636,76.15807577393356,76.27105877626855,76.61000778327349,76.32629491074343,76.44681011323408,76.60247558311782,76.86108112179568,77.0594290592282,76.6225614501996,76.80835572070602,76.90376358934445,76.98661779105677,77.08704712646563,77.22764819603806,77.33812046498782,77.0468753923021,77.20254086218584,77.19249792864495,77.12219739385874,77.26781993020161,77.17743352833362,77.17994426171884,77.45612493409325,77.18496572848929,77.49880740164203,77.68460167214843,77.32305606467649,77.4837430013307,77.59923673705089,77.39586733284793,77.59923673705089,77.34816339852871,77.16990132817796,77.56910793642822,77.61932260413266,77.56408646965778,77.39586733284793,77.41344246654448,77.55153280273167,77.48123226794547,77.49127520148636,77.51136106856814
Big_Nose,77.89299254312185,80.3384468603279,80.76276080243039,80.73514273519295,81.06907027542745,81.42810514951417,81.78965075698612,81.81224735745312,82.00557382811519,82.25162569986693,82.17128223153983,82.18383589846594,82.08842802982751,82.26920083356349,82.64581084134676,82.6156820407241,81.9729342941073,82.60814984056843,82.7186221095182,82.43490923698812,82.71108990936253,82.97471691481081,82.65334304150242,82.7989655778453,82.87428757940194,82.70355770920686,82.99229204850737,83.05254964975269,83.13540385146501,82.78641191091918,83.19315071932512,82.55793517286399,83.3287303221271,83.23834392025911,83.18059705239901,83.42413819076552,83.5019709257074,83.52205679278917,83.42664892415074,83.41409525722463,82.98978131512214,83.4216274573803,83.28855858796355,83.48439579201084,83.43167039092118,83.90870973411333,83.40656305706896,83.203193652866,83.57729292726405,83.71036179668081
Black_Hair,76.45183158000452,84.64184388259811,87.18019533505738,87.86060408245248,88.98290190564664,88.64144216525648,89.28418991187326,89.41976951467524,89.88927665771172,90.09766752868512,90.12277486253734,89.96962012603882,89.3118079791107,90.3939340681413,90.58474980541816,90.17047879685656,90.66760400713048,90.32363353335509,90.62743227296693,90.66509327374526,90.69522207436792,90.38640186798564,90.52700293755807,90.41150920183786,90.68768987421225,90.78811920962113,90.46674533631274,90.48934193677974,90.61990007281126,90.53453513771373,90.62743227296693,90.60232493911471,90.81322654347335,90.85088754425168,90.72032940822014,90.63998593989304,90.8082050767029,90.89608074518567,90.59228200557382,90.68266840744181,90.89105927841523,90.59228200557382,90.92620954580833,90.91365587888222,90.80318360993246,90.83582314394035,90.54457807125462,90.58223907203293,90.78309774285069,90.77054407592458
Blond_Hair,86.6303447236938,92.9247533204449,94.14748047904793,94.59690175500263,94.14245901227748,94.7651208918125,95.06640889803911,95.10658063220266,95.26726756885687,95.20952070099676,95.40535790504407,95.41540083858494,95.5133194406086,95.3978257048884,95.46059403951894,95.43046523889628,95.49323357352682,95.26475683547164,95.3174822365613,95.53089457430515,95.42544377212583,95.3978257048884,95.71668884481157,95.60872730924703,95.60872730924703,95.26224610208642,95.31497150317608,95.64889904341058,95.60370584247659,95.58361997539481,95.52336237414949,95.6288131763288,95.39029350473274,95.5359160410756,95.60621657586181,95.45808330613372,95.5484697080017,95.50829797383815,95.38276130457707,95.25220316854553,95.61374877601747,95.6966029777298,95.41791157197017,95.62379170955836,95.6966029777298,95.65643124356625,95.65894197695147,95.47314770644505,95.57608777523915,95.3626754374953
Blurry,94.79776042582039,94.79776042582039,94.79776042582039,94.79776042582039,94.80529262597605,94.80780335936127,94.82035702628738,94.83291069321349,94.85801802706571,94.90070049461448,94.90823269477015,95.01619423033468,95.00615129679379,95.06640889803911,95.19194556730021,95.2371387682342,95.3049285696352,95.2823319691682,95.36769690426574,95.42795450551105,95.3852720379623,95.62379170955836,95.53842677446082,95.58613070878003,95.64638831002536,95.7769464460569,95.52587310753471,95.72924251173768,95.58110924200959,95.75183911220468,95.84724698084311,95.78698937959778,95.75183911220468,95.76439277913079,95.84473624745789,95.7995430465239,95.82967184714656,95.7995430465239,95.9275904491702,95.76690351251601,95.93512264932586,95.88741871500666,95.98784805041552,95.8924401817771,95.879886514851,95.83218258053178,95.91503678224409,95.9275904491702,95.789500112983,95.95269778302242
Brown_Hair,79.5450551105978,80.06728765472394,81.63398528710236,82.24911496648171,83.84343066609756,83.51954605940395,84.674483416606,84.40583494438725,85.5155791006553,85.70890557131739,84.92555675512817,86.20854151497653,86.07798337894499,86.46463632026915,86.16334831404254,86.3215245173115,86.30143865022973,86.78349946019232,86.27130984960706,86.4018679856386,86.62783399030857,86.78349946019232,85.8269100404228,86.55753345552236,86.68307012478346,87.03206206532928,87.06470159933717,87.05214793241106,86.92661126314997,87.24547440307313,87.20530266890958,87.18772753521304,87.16513093474605,86.20603078159131,87.05465866579628,86.90652539606819,87.12746993396772,87.13249140073816,87.24045293630269,87.0345727987145,87.32581787140023,86.94418639684652,87.35845740540812,87.11993773381205,87.0220191317884,86.6428983906199,86.95674006377263,87.30071053754801,87.06972306610761,87.22538853599136
Bushy_Eyebrows,85.5607723015893,87.00695473147707,87.40365060634211,87.30071053754801,87.84302894875593,87.70744934595395,87.98111928494313,87.6321273443973,88.1970423560722,88.126741821286,88.55105576338849,88.78957543498456,89.0004770393432,89.51015591654323,89.83655125662206,89.70599312059052,89.60054231841121,90.05498506113636,90.14286072961912,90.3010369328881,90.38640186798564,90.54457807125462,90.33869793366642,90.4968741369354,89.69846092043485,90.78309774285069,90.63245373973737,90.956338346431,90.7052650079088,90.7504582088428,90.3813804012152,90.89859147857089,91.12204674985563,91.29528735343594,90.80318360993246,91.14715408370785,91.35805568806649,91.18481508448617,90.79816214316202,91.01157448090588,90.7153079414497,91.01910668106154,91.05425694845465,91.06429988199552,91.0366818147581,91.2676692861985,91.14966481709307,91.52125335810591,90.99651008059455,91.25511561927239
Chubby,94.10730874488438,94.1098194782696,94.17509854628537,94.24539908107158,94.26548494815336,94.31821034924302,94.408596751111,94.44625775188932,94.45378995204499,94.6044339551583,94.6270305556253,94.5592407542243,94.64209495593663,94.6847774234854,94.79524969243516,94.69482035702629,94.57932662130608,94.84295362675438,94.8103140927465,94.69733109041151,94.91827562831104,94.78018529212383,94.7073740239524,94.80278189259083,94.96597956263024,94.88061462753271,94.9258078284667,94.90572196138493,95.03376936403123,94.88061462753271,95.12917723266966,94.7199276908785,95.09151623189133,94.9961083632529,95.03125863064601,95.04632303095734,95.11160209897311,95.19194556730021,95.07143036480956,95.07645183158,94.99108689648246,95.18190263375932,95.04381229757212,95.16432750006277,95.0413015641869,95.19194556730021,95.20449923422632,95.08398403173567,95.22709583469332,95.03879083080167
Double_Chin,95.36518617088052,95.36769690426574,95.48067990660071,95.54595897461648,95.55851264154259,95.55349117477215,95.61374877601747,95.6740063772628,95.71668884481157,95.70664591127068,95.80205377990912,95.68404931080369,95.834693313917,95.7769464460569,95.89997238193276,95.87737578146577,95.7091566446559,95.89495091516231,95.89746164854753,95.857289914384,95.93763338271108,95.96776218333375,95.86231138115444,95.85980064776922,96.00291245072685,95.82213964699089,96.01546611765296,95.97278365010419,96.06317005197218,95.9049938487032,96.09329885259484,95.8924401817771,96.00040171734163,96.04057345150518,96.06317005197218,96.05814858520174,96.10334178613573,96.19372818800372,96.15355645384017,96.18368525446283,95.98282658364508,96.16611012076628,96.11840618644706,96.18368525446283,96.14853498706972,96.25649652263427,96.0656807853574,96.11589545306184,96.16359938738105,96.13849205352884
Eyeglasses,93.38672826332572,93.7984885385021,95.04632303095734,96.9519696703407,98.20231489618118,98.83250897587185,98.99570664591127,99.12626478194281,98.8726807100354,99.17899018303247,99.23422631750735,99.32963418614577,99.34720931984232,99.3798488538502,99.30201611890833,99.43508498832509,99.3221019859901,99.42755278816942,99.30703758567877,99.41750985462853,99.4024454543172,99.45517085540686,99.37482738707976,99.4476386552512,99.39742398754676,99.35474151999799,99.41499912124331,99.39240252077632,99.35223078661276,99.3898917873911,99.33214491953099,99.45266012202164,99.4702352557182,99.31708051921966,99.45768158879208,99.55308945743052,99.37231665369454,99.56062165758618,99.4702352557182,99.55308945743052,99.53300359034874,99.54304652388963,99.4827889226443,99.51040698988174,99.52547139019308,99.51040698988174,99.5053855231113,99.47274598910342,99.4702352557182,99.5405357905044
Goatee,93.55996886690602,93.89138567375531,94.98857616309724,95.18692410052977,95.47816917321549,95.61123804263225,95.63132390971403,95.74430691204901,95.56353410831304,95.98784805041552,95.87235431469533,96.0079339174973,96.00040171734163,96.02299831780863,95.99035878380074,96.18870672123327,95.87486504808055,96.0430841848904,96.20628185492983,96.12593838660273,96.2037711215446,96.2489643224786,96.05814858520174,96.17113158753672,96.23641065555249,96.0305305179643,96.36194732481358,96.1460242536845,96.24143212232293,96.24645358909338,96.27407165633082,96.22385698862638,96.50505912777122,96.3996083255919,96.23389992216727,96.22134625524116,96.3996083255919,96.1912174546185,96.3996083255919,96.17615305430716,96.21632478847071,96.41216199251801,96.37952245851012,96.40965125913279,96.479951793919,96.39207612543623,96.47744106053378,96.33935072434659,96.27909312310126,96.53267719500866
Gray_Hair,95.72171031158202,95.92005824901453,96.4222049260589,96.61302066333576,96.70842853197419,96.82894373446484,96.89171206909538,97.01222727158603,96.9293730698737,97.07248487283135,97.1001029400688,97.0549097391348,97.32857967812399,97.20806447563334,97.26581134349344,97.34866554520575,97.28589721057521,97.25576840995255,97.30347234427177,97.39385874613974,97.27836501041955,97.42649828014763,97.4114338798363,97.40641241306585,97.53697054909739,97.40892314645107,97.6072710838836,97.4691807476964,97.64493208466193,97.53445981571217,97.44407341384418,97.5947174169575,97.48173441462251,97.3411333450501,97.52943834894172,97.46415928092595,97.68008235205504,97.73531848652992,97.54450274925306,97.6750608852846,97.68008235205504,97.70016821913681,97.48926661477817,97.66752868512893,97.60476035049838,97.71272188606292,97.59722815034272,97.56207788294961,97.56458861633483,97.6750608852846
Heavy_Makeup,90.33869793366642,91.22498681864973,91.3254161540586,91.41831328931181,91.59657535966255,91.68696176153054,91.65432222752266,91.8200306309473,91.69700469507143,91.80245549725075,91.8200306309473,91.89033116573351,91.98824976775717,91.97067463406061,91.7748374300133,92.02088930176505,92.06106103592859,92.06106103592859,92.04348590223204,92.13889377087047,92.12885083732958,92.0033141680685,92.18659770518968,92.12885083732958,92.18408697180446,92.27698410705767,92.27698410705767,92.19664063873057,92.32468804137689,92.37741344246655,92.28200557382812,92.33473097491778,92.14140450425569,92.2794948404429,92.31715584122122,92.08616836978081,92.32970950814733,92.31715584122122,92.38745637600744,92.33473097491778,91.98573903437195,92.33222024153255,91.99076050114239,92.29455924075423,92.21923723919757,92.25438750659067,92.39247784277788,92.30209144090989,92.32970950814733,92.3497953752291
High_Cheekbones,82.48512390469256,84.64184388259811,85.14147982625725,85.99763991061789,86.2637776494514,86.4596148534987,86.84124632805242,86.96929373069874,87.01448693163273,87.17768460167215,86.90903612945341,87.21283486906525,87.16513093474605,87.00695473147707,87.34841447186723,87.23794220291747,87.1601094679756,86.96929373069874,87.24296366968791,87.50156920836577,87.36598960556378,87.40365060634211,87.22538853599136,87.0446157322554,87.47646187451355,87.37352180571945,87.1375128675086,87.14755580104949,87.08227673303372,87.38356473926034,87.413693539883,87.22538853599136,87.02955133194406,87.31326420447412,87.49152627482488,87.44382234050566,87.15508800120516,87.5743804765372,87.40867207311256,87.60450927715986,87.21032413568003,87.46641894097266,87.06470159933717,87.40365060634211,87.5392302091441,87.38105400587511,86.97180446408396,87.10989480027116,87.64970247809386,87.54927314268498
Male,95.43799743905194,96.69085339827764,97.29342941073088,97.39636947952496,97.90102688995455,97.97634889151121,98.05167089306786,98.07677822692008,98.01652062567476,98.12950362800974,98.27512616435261,98.22993296341862,98.29019056466394,98.26759396419695,98.25252956388562,98.31780863190137,98.36300183283537,98.36049109945014,98.37053403299103,98.41823796731025,98.3780662331467,98.32785156544226,98.41070576715458,98.35044816590926,98.37555549976148,98.45338823470335,98.45589896808858,98.49104923548168,98.3906199000728,98.41823796731025,98.45087750131813,98.48853850209646,98.45087750131813,98.47096336839991,98.36049109945014,98.42325943408069,98.46343116824424,98.44585603454769,98.50862436917824,98.50109216902257,98.45589896808858,98.43330236762158,98.47849556855557,98.42577016746591,98.42577016746591,98.4358131010068,98.40568430038414,98.46092043485902,98.47347410178513,98.45087750131813
Mouth_Slightly_Open,81.21720354515554,83.4793743252404,87.31326420447412,89.62816038564864,91.05174621506943,91.3254161540586,92.68121218207838,92.67619071530794,92.69878731577494,92.87453865274047,93.15071932511486,93.39174973009617,93.26119159406463,93.47711466519371,93.55494740013557,93.75078460418288,93.58507620075824,93.60014060106957,93.49217906550503,93.8210851389691,93.68048406939667,93.52732933289813,93.65537673554445,93.28880966130207,93.80602073865776,93.83866027266565,93.91147154083708,93.46707173165282,93.45702879811193,93.87381054005876,93.95415400838586,93.84870320620654,93.66290893570012,93.40430339702228,93.78342413819077,93.81355293881343,93.78091340480555,93.8436817394361,93.4068141304075,93.77087047126466,93.57252253383213,93.80602073865776,93.68299480278189,93.79597780511688,93.9014286072962,93.8336388058952,93.75580607095333,93.59009766752868,93.81104220542821,93.72316653694544
Mustache,95.87737578146577,95.87737578146577,95.87737578146577,95.879886514851,95.88490798162144,95.86231138115444,95.87486504808055,95.8698435813101,95.87737578146577,95.8924401817771,95.879886514851,95.88992944839188,95.88490798162144,95.88992944839188,95.879886514851,95.94265484948153,95.9049938487032,95.94265484948153,95.91754751562931,95.88992944839188,95.9627407165633,95.99286951718597,95.94516558286675,95.93763338271108,95.99035878380074,95.96776218333375,95.99789098395641,95.99035878380074,96.00040171734163,95.98031585025986,96.00040171734163,95.99789098395641,96.06317005197218,96.08325591905395,96.0204875844234,96.0305305179643,96.0305305179643,96.00040171734163,96.05563785181651,95.99538025057119,95.9853373170303,96.1108739862914,95.99286951718597,96.13095985337317,96.06065931858696,96.12593838660273,96.10585251952095,96.0430841848904,96.08325591905395,96.09329885259484
Narrow_Eyes,88.30751462502197,88.30751462502197,88.30751462502197,88.30751462502197,88.30751462502197,88.30751462502197,88.30751462502197,88.30751462502197,88.30751462502197,88.30751462502197,88.30751462502197,88.30751462502197,88.30751462502197,88.30751462502197,88.30751462502197,88.30751462502197,88.30751462502197,88.30751462502197,88.30751462502197,88.30751462502197,88.30751462502197,88.30751462502197,88.30751462502197,88.30751462502197,88.30751462502197,88.30751462502197,88.31002535840719,88.31253609179241,88.31504682517763,88.31002535840719,88.32006829194808,88.32006829194808,88.33262195887418,88.33764342564463,88.3225790253333,88.32760049210374,88.32760049210374,88.3225790253333,88.34015415902985,88.36275075949685,88.35019709257074,88.4255190941274,88.4380727610535,88.4029224936604,88.40543322704562,88.47322302844661,88.48828742875794,88.4606693615205,88.44058349443873,88.53348062969194
No_Beard,89.62062818549298,93.86627833990309,94.69984182379673,95.22960656807854,95.34761103718397,95.41540083858494,95.31999296994653,95.51080870722338,95.60370584247659,95.60621657586181,95.66898491049236,95.64889904341058,95.75183911220468,95.74430691204901,95.69409224434457,95.77945717944212,95.83218258053178,95.85980064776922,95.75937131236034,95.92005824901453,95.91503678224409,95.83971478068744,95.92005824901453,95.92507971578497,96.0204875844234,95.7769464460569,95.82716111376133,95.86231138115444,95.98282658364508,95.94516558286675,95.81962891360567,95.6966029777298,95.69158151095935,95.74932837881946,96.07321298551307,95.73426397850812,95.80205377990912,95.93512264932586,95.88992944839188,95.97780511687463,96.01546611765296,95.79201084636823,96.06819151874262,95.84724698084311,95.58361997539481,95.91001531547364,95.5359160410756,95.66145271033669,95.95269778302242,95.58361997539481
Oval_Face,71.6513093474604,71.97519395415401,72.21371362575009,72.27146049361018,72.8489291722112,72.3995078962565,72.97195510808707,73.10753471088906,72.96693364131663,73.47159105174622,73.66742825579352,72.81880037158854,73.53184865299154,73.71764292349795,73.80300785859549,73.44899445127922,74.2524291345502,73.83313665921816,74.00637726279847,74.00888799618369,74.13944613221523,74.23485400085364,73.81305079213638,74.49597027291672,74.01139872956891,73.97122699540536,73.87832986015215,73.99633432925758,74.14697833237089,74.56124934093249,74.38047653719651,74.35034773657385,73.97875919556103,74.53112054030983,74.92028421501921,74.08672073112557,74.93785934871576,74.70938261066057,75.44753822591579,75.04079941750986,75.14625021968916,74.35285846995907,75.01820281704286,75.06088528459163,75.6559290968892,74.49597027291672,74.58384594139949,75.43247382560446,75.88189510155917,75.00815988350197
Pale_Skin,95.61877024278792,95.61877024278792,95.61877024278792,95.61877024278792,95.61877024278792,95.61877024278792,95.61877024278792,95.61877024278792,95.61877024278792,95.61877024278792,95.61877024278792,95.61877024278792,95.61877024278792,95.61877024278792,95.61877024278792,95.61877024278792,95.61877024278792,95.6288131763288,95.62379170955836,95.63885610986969,95.64136684325491,95.66898491049236,95.66647417710713,95.76439277913079,95.78447864621256,95.834693313917,95.86733284792489,95.93763338271108,95.87737578146577,95.90750458208842,95.98282658364508,95.99789098395641,95.97780511687463,95.99538025057119,96.03304125134952,96.05061638504607,96.06065931858696,96.0204875844234,96.22887845539682,96.04810565166085,96.07572371889829,96.34939365788748,96.08576665243918,96.21130332170027,96.25649652263427,96.05312711843129,96.28662532325693,96.17364232092194,96.32428632403526,96.30168972356826
Pointy_Nose,72.0781340229481,72.11830575711166,72.14090235757865,72.17354189158654,72.36686836224861,72.2965678274624,72.26392829345451,72.4924050315097,72.70581736925355,72.4798513645836,72.68573150217179,72.80122523789198,73.0673629767255,73.25817871400236,73.23307138015014,72.8489291722112,73.29332898139546,73.25064651384669,73.21549624645358,73.53938085314721,74.03650606342113,73.24562504707625,73.38622611664867,73.09498104396295,73.31341484847724,73.78543272489894,73.378693916493,73.25315724723191,73.22804991337969,73.74275025735017,73.42890858419744,73.5619774536142,73.9185015943157,73.33098998217379,73.70508925657184,73.13766351151172,73.60465992116298,73.5845740540812,74.01642019633935,74.0214416631098,73.57453112054031,73.49920911898366,73.53184865299154,74.0440382635768,74.42566973813051,73.59963845439253,74.23736473423887,73.84820105952949,74.66167867634135,74.14948906575611
Receding_Hairline,91.9455673002084,91.9455673002084,92.01837856837983,91.95561023374928,91.97569610083106,91.96565316729017,91.9581209671345,91.98573903437195,91.93301363328229,91.96314243390495,92.00582490145372,92.01586783499461,92.01335710160939,92.03595370207637,92.12131863717391,92.12885083732958,92.23179090612368,92.18408697180446,92.30711290768033,92.36988124231088,92.28702704059856,92.29455924075423,92.45022471063798,92.40754224308921,92.58831504682517,92.68874438223405,92.77913078410204,92.57576137989906,92.73895904993849,92.70883024931582,92.82181325165081,92.95739285445279,93.01011825554244,93.01011825554244,93.00007532200155,92.7515127168646,93.15825152527053,93.01011825554244,93.10803685756609,93.03522558939466,93.06033292324688,93.44698586457105,93.32395992869517,93.1657837254262,93.0854402570991,93.35157799593262,93.39174973009617,93.37668532978483,93.18084812573753,93.39928193025183
Rosy_Cheeks,93.31391699515429,93.32898139546562,93.35659946270306,93.42187853071883,93.55494740013557,93.62273720153657,93.55996886690602,93.63529086846268,93.74576313741244,93.92904667453364,93.96670767531195,93.66290893570012,93.87381054005876,94.07717994426172,94.1098194782696,93.9842828090085,94.2127595470637,94.3156996158578,94.16505561274448,94.47387581912676,94.44374701850411,94.28808154862035,94.40608601772578,94.51906902006075,94.48140801928243,94.05960481056516,94.42617188480756,94.63205202239574,94.41361821788145,94.64209495593663,94.48140801928243,94.64209495593663,94.4663436189711,94.57179442115041,94.57681588792086,94.25795274799769,94.40357528434056,94.66720228978885,94.43370408496322,94.78018529212383,94.13994827889226,94.42617188480756,94.15250194581837,94.50651535313465,94.6044339551583,94.88312536091793,94.61698762208441,94.96597956263024,94.90823269477015,94.76261015842728
Sideburns,94.30063521554646,94.85299656029527,95.64387757664014,95.74932837881946,95.9049938487032,96.16108865399583,96.17113158753672,96.25398578924904,96.14351352029928,96.44982299329634,96.18117452107761,96.45484446006678,96.59042406286876,96.434758592985,96.52263426146777,96.17113158753672,96.29666825679782,96.41718345928845,96.54523086193477,96.5376986617791,96.65068166411409,96.67076753119586,96.525144994853,96.82141153430918,96.71847146551508,96.67578899796631,96.76868613321952,96.84902960154662,96.59795626302443,96.83898666800573,96.58791332948354,96.81387933415351,96.8239222676944,96.86158326847271,96.60046699640965,96.79128273368651,96.86911546862838,96.78626126691607,96.8465188681614,96.70842853197419,96.79379346707174,96.81387933415351,96.83145446785007,96.7787290667604,96.92435160310326,96.73604659921163,96.94694820357026,96.83898666800573,96.74860026613774,96.84902960154662
Smiling,86.71570965879133,89.52270958346934,89.96962012603882,90.5772176052625,90.99902081397977,90.51696000401718,91.65181149413743,91.56644655903989,91.7396871626202,91.83007356448819,91.79241256370986,92.04850736900248,92.03344296869115,91.66436516106354,92.13387230410002,92.18408697180446,92.26191970674634,92.10374350347736,92.18659770518968,92.45022471063798,92.46528911094931,92.20919430565668,92.01335710160939,92.21421577242712,92.71134098270105,92.72389464962716,92.40252077631877,92.52805744557985,92.31966657460644,92.63601898114439,92.50043937834242,92.47031057771976,92.33975244168822,92.42009591001532,92.61342238067739,92.8444098521178,91.91543849958573,92.61844384744784,92.58329358005473,92.85194205227347,92.39247784277788,92.68121218207838,92.26191970674634,92.6033794471365,92.86449571919958,92.74649125009415,92.2117050390419,92.18408697180446,92.79419518441337,92.8544527856587
Straight_Hair,79.04039770016821,79.07052650079088,79.61786637876924,79.90408998468453,80.5568806648422,80.61964899947274,81.03894147480479,81.53857741846393,81.73190388912602,81.36031534811319,82.05076702904918,81.89761229255065,82.07085289613096,81.90012302593587,82.01310602827085,82.01310602827085,82.13864269753195,82.87679831278716,83.13540385146501,82.26920083356349,83.7655979311557,83.13038238469457,83.26345125411133,83.58733586080494,83.58482512741972,83.2483868538,83.59486806096061,83.78317306485225,83.97901026889954,82.99229204850737,83.61244319465716,83.43920259107685,83.60240026111627,83.15297898516157,83.203193652866,83.08267845037535,83.54716412664139,84.2376158075774,83.4793743252404,82.97722764819603,84.08446107107886,83.48439579201084,83.871048733335,83.81079113208969,83.65763639559115,84.43094227823947,83.94386000150644,84.35562027668281,83.67270079590249,83.48188505862562
Wavy_Hair,72.69075296894223,79.37934670717317,81.9151874262472,82.61066057395365,83.44171332446207,83.77564086469658,84.47613547917346,84.59665068166412,84.62677948228678,85.08373295839715,84.85274548695674,85.35740289738632,85.00087875668483,84.92304602174295,85.14901202641292,85.55826156820407,85.20926962765824,85.1239046925607,85.52813276758141,85.5607723015893,85.32225262999322,85.60596550252329,85.23939842828091,85.03100755730749,85.10381882547892,85.09126515855282,85.6185191694494,85.4126390318612,85.30467749629666,85.53566496773708,85.37497803108288,85.53315423435185,85.23186622812524,85.58587963544151,85.80682417334103,85.75409877225137,85.40510683170554,85.51808983404052,85.52311130081097,85.54068643450752,84.95317482236561,85.47038589972131,85.57583670190063,85.39757463154987,85.72899143839916,85.17914082703558,85.45030003263953,85.67124457053906,85.61349770267896,85.54570790127796
Wearing_Earrings,80.96613020663335,81.38793341535063,81.85241909161667,83.31617665520099,83.44673479123252,84.9858143563735,85.12139395917548,85.93236084260212,86.60523738984158,86.8964824625273,87.05968013256673,87.28564613723668,87.21534560245047,87.82545381505938,88.35270782595596,88.3225790253333,87.91584021692736,88.52343769615105,88.9552838384092,88.78706470159933,88.74689296743578,88.67157096587913,89.0130307062693,88.86489743654121,89.35449044665947,89.2314645107836,89.85663712370383,89.76876145522107,89.51266664992845,89.28167917848803,89.69846092043485,89.552838384092,89.70850385397574,89.93195912526049,89.99472745989104,90.35627306736298,90.01481332697281,90.3813804012152,90.10771046222601,90.69522207436792,90.38891260137086,90.30856913304376,90.32363353335509,90.60232493911471,90.70024354113836,90.77556554269502,90.73790454191669,90.26588666549499,90.26839739888021,90.77556554269502
Wearing_Hat,95.22960656807854,95.22960656807854,95.23211730146376,95.77192497928645,96.86911546862838,97.87340882271711,98.16214316201763,98.40568430038414,98.50611363579301,98.55381757011223,98.76974064124131,98.76471917447087,98.7571869743152,98.86263777649451,98.81744457556051,98.83501970925707,98.84255190941273,98.8852343769615,98.80991237540485,98.88021291019106,98.90280951065806,98.85259484295362,98.7797835747822,98.99068517914083,98.94298124482161,99.00323884606694,98.96306711190338,98.9078309774285,98.91034171081373,98.92038464435461,98.98064224559994,99.01328177960782,98.9530241783625,98.97059931205905,98.99319591252605,98.9881744457556,99.04089984684526,99.00826031283738,99.00323884606694,99.04843204700093,99.0107710462226,99.04592131361571,99.01830324637827,99.0559642471566,99.03085691330438,99.04089984684526,99.03838911346004,99.03085691330438,99.05345351377137,99.07353938085315
Wearing_Lipstick,92.13387230410002,92.73644831655326,92.75904491702026,93.02016118908332,93.02769338923899,92.82934545180647,92.98250018830501,92.85947425242914,93.25617012729418,93.29383112807251,93.00760752215722,93.17331592558186,93.31140626176906,93.28378819453162,93.42438926410405,93.18335885912275,93.31893846192473,93.43192146425972,93.39928193025183,93.1657837254262,93.34153506239173,93.37919606317006,93.43443219764494,92.94483918752668,93.37166386301439,93.36664239624395,93.52481859951291,93.26621306083507,93.27876672776118,93.45200733134149,93.31391699515429,93.37919606317006,93.35408872931784,93.35157799593262,93.6603982023149,93.24863792713852,93.27374526099074,93.38923899671094,93.27876672776118,93.37919606317006,93.14569785834442,93.31140626176906,92.95739285445279,93.15071932511486,93.5348615330538,93.37166386301439,93.08292952371387,93.4896683321198,93.33149212885084,93.41685706394838
Wearing_Necklace,87.64970247809386,87.64970247809386,87.64970247809386,87.64970247809386,87.64970247809386,87.64970247809386,87.64970247809386,87.64970247809386,87.64970247809386,87.64970247809386,87.64970247809386,87.64970247809386,87.64970247809386,87.64970247809386,87.64970247809386,87.64970247809386,87.64970247809386,87.64970247809386,87.64970247809386,87.64970247809386,87.64970247809386,87.65221321147908,87.64970247809386,87.64719174470864,87.67229907856085,87.64970247809386,87.64217027793819,87.64970247809386,87.67480981194608,87.6547239448643,87.65221321147908,87.66727761179041,87.67229907856085,87.65221321147908,87.67229907856085,87.65974541163474,87.68485274548695,87.6898742122574,87.66978834517563,87.68234201210173,87.65221321147908,87.69740641241306,87.6898742122574,87.67229907856085,87.6773205453313,87.7601747470436,87.68485274548695,87.6773205453313,87.66727761179041,87.71247081272439
Wearing_Necktie,92.76155565040548,92.79168445102815,93.16076225865575,93.38672826332572,93.61269426799568,93.96168620854151,94.25795274799769,94.57932662130608,94.8228677596726,95.05887669788345,95.26726756885687,95.17437043360366,95.60872730924703,95.7317532451229,95.60370584247659,95.78447864621256,95.93010118255542,95.98784805041552,95.92256898239975,96.16108865399583,96.10836325290617,96.35692585804314,96.23641065555249,96.26402872278993,96.24143212232293,96.17364232092194,96.41216199251801,96.41718345928845,96.19372818800372,96.39709759220668,96.24645358909338,96.5376986617791,96.38956539205101,96.43978005975545,96.2841145898717,96.41216199251801,96.40714052574756,96.55527379547566,96.59293479625399,96.43726932637023,96.68834266489242,96.54020939516433,96.46237666022245,96.55778452886088,96.55778452886088,96.61050992995054,96.60046699640965,96.47241959376333,96.50505912777122,96.41969419267367
Young,80.69246026764418,84.53137161364835,85.95997890983956,86.77596726003665,87.1375128675086,87.26053880338446,87.36598960556378,87.35343593863767,87.84805041552637,87.91081875015692,88.1744457556052,88.5410128298476,88.36024002611163,88.44309422782395,88.69667829973135,88.51590549599538,88.87996183685254,88.87242963669688,88.86238670315599,89.05069170704763,89.00800923949886,89.04315950689197,89.13605664214516,89.10090637475207,89.1034171081373,89.21891084385749,89.16116397599738,89.18376057646438,89.20384644354615,89.3921514474378,89.35700118004469,89.47500564915012,89.38712998066735,89.40972658113435,89.34946897988902,89.24150744432448,89.37959778051169,89.14861030907127,89.14861030907127,89.17873910969394,89.29172211202892,89.11346004167818,89.37959778051169,89.45240904868312,89.27665771171759,88.82723643576288,89.34444751311858,89.62816038564864,89.49007004946145,89.26410404479148
