,5_o_Clock_Shadow,Arched_Eyebrows,Attractive,Bags_Under_Eyes,Bald,Bangs,Big_Lips,Big_Nose,Black_Hair,Blond_Hair,Blurry,Brown_Hair,Bushy_Eyebrows,Chubby,Double_Chin,Eyeglasses,Goatee,Gray_Hair,Heavy_Makeup,High_Cheekbones,Male,Mouth_Slightly_Open,Mustache,Narrow_Eyes,No_Beard,Oval_Face,Pale_Skin,Pointy_Nose,Receding_Hairline,Rosy_Cheeks,Sideburns,Smiling,Straight_Hair,Wavy_Hair,Wearing_Earrings,Wearing_Hat,Wearing_Lipstick,Wearing_Necklace,Wearing_Necktie,Young
0,85.67124457053906,72.31163222777373,74.84747294684777,77.46616786763414,93.79597780511688,80.49411233021165,72.78113937081021,75.34208742373647,73.00208390870974,81.5687062190866,89.44236611514224,75.38476989128525,81.43061588289939,90.31610133319943,91.08187501569208,89.27163624494715,89.62564965226342,91.44090988977881,87.7250244796505,66.27080770293003,93.61269426799568,53.12209696452334,92.03344296869115,83.79572673177836,80.26563559215647,69.58748650480806,89.42228024806046,70.08210098169675,87.76268548042883,87.53420874237365,90.36380526751864,60.09189284189912,74.6441035426448,67.4885133947626,78.05870094654648,90.66509327374526,90.68266840744181,83.31115518843055,88.86238670315599,71.49564387757664
1,85.95495744306912,73.2180069798388,74.51103467322805,77.57161866981345,93.82861733912476,80.70501393457029,72.84390770544076,75.53039242762812,73.35107584925557,81.7293931557408,89.53275251701022,75.21404002109016,81.59632428632403,90.36631600090386,91.36558788822215,89.50262371638756,89.92944839187527,91.68445102814532,88.20457455622787,71.36006427477466,93.95666474177108,57.31251098445856,91.86271309849607,83.99156393582565,81.76705415651912,70.01933264706621,89.67084285319741,70.00928971352532,87.89826508323081,88.71927490019834,90.50440633709107,67.63915739787592,74.74202214466845,68.3622486128198,78.24198448366768,90.6927113409827,91.17728288433051,83.87607020010545,89.21891084385749,72.95437997439052
2,86.06040824524844,73.77036832458761,74.6315498757187,77.63940847121444,93.84870320620654,80.45142986266288,72.79369303773632,75.57307489517689,73.67496045594918,81.79216149037134,89.54530618393633,75.22659368801627,81.43563734966983,90.39142333475608,91.51874262472069,89.55032765070678,90.05498506113636,91.81249843079163,88.39036882673429,75.3571518240478,94.17258781290015,67.3956162595094,91.80496623063597,83.45175625800296,82.43741997037334,70.20010545080218,89.85412639031861,70.0067789801401,87.95350121770569,89.57794571794422,90.58726053880338,73.78543272489894,74.37043360365563,68.58570388410455,78.41271435386277,90.65756107358959,91.38567375530393,84.11961133847197,89.31431871249592,73.6071706545482
3,86.055386778478,74.06663486404379,74.85500514700344,77.66451580506666,93.97926134223806,80.40372592834368,72.74849983680232,75.63584322980742,74.01893092972458,82.14617489768762,89.76876145522107,75.2768083557207,81.33520801426097,90.43661653569008,91.65432222752266,89.6808857867383,90.130307062693,91.92045996635618,88.75442516759145,78.39262848678099,94.22029174721936,74.15199979914134,91.8652238318813,83.270983454267,83.06259258329358,70.18001958372041,90.28346179919154,69.99924677998443,87.97107635140225,90.04996359436592,90.74041527530191,80.52675186421953,74.26247206809109,69.01001782620703,78.71149162670416,90.6123678726556,91.56644655903989,84.04177860353009,89.4273017148309,73.95867332847925
4,86.1708805141982,74.9428808154862,75.0458208842803,77.81264907479475,94.19518441336714,80.82301840367572,72.68322076878657,75.74631549875718,74.64159280925958,84.8828742875794,89.86668005724472,75.49273142684979,81.5687062190866,90.65002887343393,91.81249843079163,89.86668005724472,90.38640186798564,92.13387230410002,89.14358884230083,81.08413467573878,94.46885435235632,78.56837982374651,92.01586783499461,83.0651033166788,83.91122046749855,70.00175751336965,90.65756107358959,69.97413944613221,88.02882321926235,90.14537146300434,90.933741745964,85.12892615933114,74.38047653719651,70.26287378543273,78.77174922794948,90.66509327374526,91.79994476386553,83.75304426422959,89.575434984559,74.65414647618569
5,86.2637776494514,75.43498455898968,75.10105701875518,77.82269200833564,94.32574254939868,81.24231087900776,72.69326370232746,76.77320545331291,76.14803284039267,88.0915915538929,89.79889025584373,75.66597203043008,81.71181802204424,90.76803334253935,91.95309950036406,89.92944839187527,90.56215320495117,92.26443044013156,89.58045645132944,81.99050942780386,94.74001355796028,80.08988425519094,92.09370056993647,83.04752818298225,84.35813101006804,70.02184338045143,91.05676768183987,70.05197218107409,88.05393055311457,90.27090813226543,91.08689648246252,86.35416405131939,74.62401767556304,71.54334781189586,78.82949609580959,90.75547967561324,91.85769163172563,83.59988952773105,89.61309598533732,75.3797484245148
6,86.3441211177785,75.67099349720053,75.15378241984483,77.97082527806373,94.44374701850411,81.75450048959301,72.72088176956488,77.63940847121444,78.67634135931105,89.6105852519521,89.87672299078561,75.55047829470989,81.96540209395164,90.89357001180045,92.08365763639559,90.21316126440533,90.78058700946546,92.4401817770971,89.78884732230284,82.65836450827287,94.96597956263024,80.61713826608752,92.22676943935323,83.03999598282658,85.00590022345527,69.94149991212433,90.956338346431,70.09465464862286,88.20959602299831,90.31610133319943,91.22498681864973,87.06972306610761,74.88011248085566,72.21873509252053,78.82196389565392,90.82326947701424,91.97569610083106,83.56222852695272,89.77127218860629,76.69286198498581
7,86.3893143187125,75.99487810389415,75.17637902031183,78.03610434607948,94.44374701850411,82.09596022998318,72.82884330512942,78.10891561425092,80.7753144693565,90.25333299856888,89.82148685631073,75.61324662934042,82.30184036757137,90.89357001180045,92.09118983655125,90.23826859825755,90.82829094378468,92.44520324386754,90.06251726129203,82.91445931356549,95.19445630068543,81.086645409124,92.19664063873057,83.10025358407191,84.9632177559065,70.0419292475332,91.12706821662607,70.19257325064652,88.22214968992442,90.35627306736298,91.24256195234628,87.37603253910467,75.42996309221924,72.8715257726782,78.8646463632027,90.79062994300635,91.97569610083106,83.54465339325617,89.77127218860629,77.02678952522032
8,86.56757638906325,75.98483517035326,75.29689422280248,78.27964548444601,94.42366115142234,82.24660423309649,72.8715257726782,78.47548268849332,82.07336362951618,90.89357001180045,89.89429812448216,75.75133696552763,82.57299957317532,90.92872027919356,92.13889377087047,90.27592959903588,90.85590901102212,92.49541791157198,90.26588666549499,83.203193652866,95.38276130457707,81.29001481332698,92.22928017273846,83.10778578422757,85.28459162921489,70.01933264706621,91.25260488588717,70.26789525220318,88.29747169148108,90.45921313615708,91.29528735343594,87.55680534284065,75.31698008988425,73.23809284692058,78.9575434984559,90.76050114238369,91.99578196791283,83.56976072710839,89.76373998845062,77.89048180973663
9,87.20279193552436,76.37399884506264,75.67601496397097,78.46543975495243,94.5592407542243,82.49767757161867,72.85143990559642,78.69140575962238,83.03748524944136,91.46852795701625,90.13783926284867,76.09781817268824,82.82156217831229,91.07183208215119,92.2794948404429,90.5420673378694,91.09442868261819,92.71887318285671,90.24580079841321,83.67019006251726,95.50578724045293,81.35529388134275,92.40252077631877,83.31617665520099,86.18343418112431,69.99673604659921,91.23000828542017,70.26287378543273,88.53096989630671,90.41401993522308,91.51874262472069,88.09661302066334,75.77895503276507,74.35034773657385,78.75919556102338,90.95131687966055,92.16902257149313,83.50699239247784,89.8415727233925,79.07052650079088
10,87.5517838760702,76.65269025082226,75.87185216801828,78.53071882296818,94.58434808807652,82.71108990936253,72.9292726405383,78.80689949534259,83.49443872555173,91.92548143312662,90.198096864094,76.49953551432374,83.3061337216601,91.14966481709307,92.31966657460644,90.61990007281126,91.29277662005072,92.74398051670893,90.36380526751864,83.68023299605815,95.64387757664014,81.7293931557408,92.5456325792764,83.12033945115368,87.10487333350072,69.96911797936177,91.12706821662607,70.32564212006326,88.50837329583972,90.47678826985363,91.65683296090788,88.07903788696679,75.7488262321424,75.05084235105075,78.8420497627357,90.911145145497,92.23681237289412,83.47686359185518,89.84659419016295,79.2337241708303
11,87.86562554922293,76.83346305455824,76.22586557533455,78.54829395666474,94.63707348916618,83.16302191870246,73.0548093097994,78.94247909814457,84.01416053629265,92.35230610861433,90.24077933164277,77.26530919681639,83.65010419543549,91.25260488588717,92.47784277787542,90.81824801024379,91.36056642145171,92.91722112028924,90.47929900323885,83.6852544628286,95.789500112983,81.82731175776445,92.61342238067739,83.22327951994778,87.53420874237365,70.09967611539331,91.1195360164704,70.4336036556278,88.6690602324939,90.70024354113836,91.7622837630872,88.05895201988501,76.00743177082026,75.90700243541139,79.02031183308644,91.02914961460243,92.15897963795224,83.5371211931005,89.85412639031861,80.1200130558136
12,88.27989655778453,76.81337718747646,76.66524391774837,78.70647015993372,94.79524969243516,84.01164980290743,73.04727710964373,79.04792990032388,84.51128574656657,92.63852971452961,90.53704587109895,77.71724120615632,84.00662833613698,91.43839915639359,92.65108338145572,91.1873258178714,91.67691882798965,93.19089105927841,90.45921313615708,84.04428933691531,95.99789098395641,82.22651836601472,92.81428105149514,83.26345125411133,88.62386703155993,70.05197218107409,91.19736875141228,70.44615732255392,89.0356273067363,90.7052650079088,91.98573903437195,88.48577669537272,76.21833337517889,76.921338723041,79.07805870094654,91.24256195234628,92.38243490923699,83.48439579201084,89.94953425895704,81.06907027542745
13,88.6565065655678,77.00419292475333,76.96151045720455,78.79434582841648,94.85550729368049,85.47038589972131,73.09498104396295,79.20359537020764,84.79248788571141,92.83938838534736,90.60232493911471,78.32232795199478,84.31293780913404,91.45346355670492,92.7063195159306,91.44844208993447,92.06859323608425,93.29132039468729,90.55964247156595,83.9965854025961,96.17364232092194,82.71360064274775,92.84692058550303,83.25842978734089,89.0582239072033,70.16244445002386,91.17477215094529,70.55411885811846,89.16618544276783,90.90612367872656,92.35230610861433,88.38534735996384,76.19573677471189,77.3356097316026,79.30151397223129,91.24758341911672,92.29455924075423,83.50950312586306,89.94702352557182,81.48334128398905
14,88.87996183685254,77.06947199276908,77.33812046498782,78.81694242888348,94.9609580958598,87.03206206532928,73.04978784302895,79.2337241708303,85.274548695674,93.0176504556981,90.91365587888222,78.98767229907855,84.4234100780838,91.60410755981822,92.87704938612569,91.7848803635542,92.43264957694143,93.45953953149716,90.57972833864771,84.18237967310252,96.2489643224786,83.17557558562856,92.99756458861633,83.40405232368374,89.93195912526049,70.13984784955686,91.34299128775515,70.56667252504457,89.3469582465038,90.96135981320144,92.80423811795426,88.5987596977077,76.23841924226066,77.7147304727711,79.45466870872983,91.36558788822215,92.35732757538477,83.5823143940345,89.98217379296493,82.07085289613096
15,89.08333124105552,77.40842099977404,77.65196213814055,78.91988249767758,95.06389816465389,88.39036882673429,73.1125561776595,79.2914710386904,85.56328303497452,93.19591252604886,90.92118807903789,79.5099048432047,84.53137161364835,91.64679002736699,92.93228552060057,92.07612543623992,92.78917371764292,93.71061287001933,90.65756107358959,84.19995480679907,96.35441512465792,83.80325893193402,93.05531145647643,83.47686359185518,90.36882673428909,70.21516985111352,91.1873258178714,70.57420472520023,89.46496271560923,91.08187501569208,93.2812774611464,88.65901729895302,76.33633784428432,78.03108287930904,79.60029124507268,91.34550202114038,92.4175851766301,83.51954605940395,90.04243139421025,82.74121870998519
16,89.3243616460368,77.37578146576615,77.75490220693464,79.01026889954555,95.05134449772778,89.58045645132944,73.23056064676491,79.39692184086972,85.6762660373095,93.22101985990108,90.96638127997188,79.82876798312788,84.70712295061388,91.67942956137487,93.05280072309121,92.25187677320545,93.07288659017298,93.98930427577895,90.79816214316202,84.15225087247985,96.434758592985,84.26774460820006,93.10552612418087,83.56724999372317,90.60985713927037,70.32313138667804,91.31537322051771,70.66961259383866,89.51768811669889,91.18230435110095,93.6152050013809,88.61884556478948,76.4945140475533,78.302242084913,79.79863918250521,91.38818448868915,92.32217730799167,83.65010419543549,90.04243139421025,82.6156820407241
17,89.50513444977278,77.4385498003967,78.07125461347259,79.20861683697808,95.18190263375932,90.60985713927037,73.25566798061713,79.44462577518894,85.89218910843857,93.38923899671094,90.89859147857089,80.14763112305104,84.98330362298827,91.83760576464385,93.28629892791685,92.51801451203896,93.41434633056316,94.28557081523513,90.76552260915413,84.3430666097567,96.52765572823822,85.01343242361094,93.3842175299405,83.61997539481283,91.87275603203696,70.45368952270958,91.24758341911672,70.639483793216,89.63820331918953,91.25009415250194,94.00939014286072,88.65399583218257,76.56983604910995,78.65625549222928,79.99949785332295,91.49614602425369,92.42009591001532,83.63001832835371,90.3010369328881,83.16051118531723
18,89.55785985086244,77.78000954078686,78.4629290215672,79.19355243666675,95.18190263375932,91.15719701724873,73.08493811042206,79.59526977830224,86.21356298174697,93.4193677973336,91.21243315172362,80.36857566095057,84.86529915388284,91.80998769740641,93.35911019608828,92.82683471842125,93.47962539857892,94.45127921865976,90.75799040899847,84.68201561676166,96.51761279469733,85.84197444073413,93.3390243290065,83.35885912274975,91.77734816339853,70.41100705516081,91.28775515328027,70.65956966029778,89.58296718471466,91.12706821662607,94.09475507795827,89.0933741745964,76.57234678249516,79.0504406337091,80.08235205503527,91.60410755981822,92.50546084511286,83.5019709257074,90.42657360214919,83.25591905395567
19,89.66079991965653,77.8528208089583,78.67131989254061,79.32913203946873,95.2823319691682,91.67942956137487,73.06485224334028,79.65552737954756,86.48974365412137,93.52732933289813,91.21745461849406,80.50415526375254,84.99585728991438,91.90790629943007,93.45953953149716,93.18084812573753,93.66541966908534,94.60945542192874,90.7504582088428,84.78746641894097,96.63812799718798,86.27633131637751,93.39174973009617,83.63503979512416,91.90790629943007,70.56667252504457,91.38065228853348,70.65203746014211,89.71101458736096,91.18230435110095,94.1675663461297,89.10090637475207,76.89623138918878,79.3492179065505,80.20286725752592,91.73466569584976,92.52554671219463,83.49443872555173,90.52700293755807,83.60742172788672
20,89.74867558813929,77.82018127495041,78.88473223028447,79.32411057269829,95.37522910442141,92.10374350347736,73.2180069798388,79.76599964849733,86.64038765723468,93.61018353461046,91.30533028697683,80.74518566873384,85.15654422656858,92.01335710160939,93.56247960029124,93.47209319842327,93.82359587235432,94.75005649150117,90.78058700946546,84.8828742875794,96.69085339827764,86.76090285972532,93.55996886690602,83.6978081297547,92.48286424464587,70.67463406060911,91.31788395390294,70.70476286123177,89.73612192121318,91.30030882020638,94.35587135002135,89.0356273067363,76.92384945642623,79.61284491199879,80.40372592834368,91.85267016495519,92.53307891235029,83.63755052850938,90.69773280775314,83.69027592959904
21,89.87672299078561,77.82520274172086,79.06299430063521,79.40194330764017,95.34258957041352,92.39247784277788,73.13013131135605,79.73587084787466,86.7935423937332,93.68299480278189,91.37814155514826,81.00881267418212,85.26450576213313,92.0033141680685,93.55243666675035,93.92151447437797,93.95415400838586,94.78520675889428,90.80067287654724,85.05862562454493,96.71344999874464,87.40616133972733,93.59009766752868,83.60742172788672,92.69376584900449,70.76250972909187,91.39571668884481,70.72735946169877,89.69092872027919,91.23251901880539,94.46885435235632,89.46747344899445,77.03683245876121,79.78859624896432,80.4765371965151,91.96314243390495,92.5908257802104,83.44171332446207,90.81322654347335,83.64508272866505
22,89.8867659243265,77.97584674483417,79.1885309698963,79.46220090888549,95.4455296392076,92.55567551281729,73.16528157874916,79.77604258203822,87.05214793241106,93.672951869241,91.35052348791082,81.11175274297622,85.23186622812524,92.14642597102613,93.67797333601145,94.07969067764694,94.06211554395038,94.97853322955635,90.7956514097768,85.0887544251676,96.83898666800573,87.7024278791835,93.60014060106957,83.70534032991037,92.71134098270105,70.75497752893621,91.46099575686058,70.73489166185443,89.77629365537673,91.26013708604283,94.53162268698686,89.28418991187326,77.10211152677697,80.11499158904316,80.61713826608752,92.09872203670692,92.6033794471365,83.5145245926335,90.88854854503,84.2150192071104
23,89.95204499234227,77.9783574782194,79.3492179065505,79.50237264304903,95.52587310753471,92.69125511561927,73.02468050917673,79.87396118406187,87.13249140073816,93.77338120464988,91.39069522207437,81.35529388134275,85.36995656431243,92.21421577242712,93.71312360340455,94.40357528434056,94.21527028044892,95.06640889803911,90.87348414471867,85.17160862687992,96.85405106831706,88.20959602299831,93.80853147204299,83.6626578623616,93.21348765974541,70.92068593236084,91.36307715483693,70.77506339601797,89.84408345677772,91.32290542067338,94.62451982224007,89.4950915162319,77.31552386452083,80.41627959526978,80.70752466795551,92.29706997413945,92.58329358005473,83.46933139169951,90.99902081397977,84.37821687714981
24,90.01732406035804,78.00095407868639,79.42956137487761,79.50488337643425,95.47816917321549,92.84189911873258,73.13766351151172,79.90157925129931,87.34088227171156,93.85121393959176,91.37563082176304,81.45321248336639,85.43774636571342,92.17404403826357,93.69052700293756,94.5466870872982,94.23786688091592,95.06891963142434,90.88352707825956,85.23688769489569,96.88920133571015,88.30500389163674,93.69805920309322,83.72291546360692,93.07790805694343,70.91817519897562,91.17979361771573,70.7901277963293,89.76625072183585,91.36056642145171,94.60694468854352,89.39717291420824,77.38833513269226,80.66484220040674,80.75020713550428,92.32468804137689,92.6033794471365,83.51201385924828,91.02412814783199,84.19995480679907
25,90.0826031283738,78.11142634763614,79.5902483115318,79.57016244445002,95.53089457430515,93.02267192246855,73.19289964598659,79.93170805192197,87.38858620603078,93.83614953928043,91.5086996911798,81.65156042079892,85.48545030003264,92.21672650581235,93.72316653694544,94.88061462753271,94.31821034924302,95.144241632981,90.93625247934922,85.41514976524643,96.95950187049637,88.839790102689,93.83866027266565,83.60240026111627,93.31893846192473,71.00354013407316,91.47103869040147,70.7901277963293,89.79637952245851,91.3706093549926,94.69482035702629,89.70599312059052,77.52893620226469,80.96361947324813,81.0063019407969,92.67870144869316,92.60589018052173,83.51703532601873,91.09693941600341,84.23008360742173
26,90.1403499962339,78.16666248211102,79.6253985789249,79.69820984709634,95.60370584247659,93.17080519219664,73.1577493785935,80.05473398779783,87.66225614501997,93.90645007406664,91.41580255592659,81.80471515729745,85.59843330236762,92.28451630721334,93.78091340480555,95.053855231113,94.33076401616913,95.19445630068543,90.95131687966055,85.34987069723066,96.99214140450425,88.90004770393432,93.89640714052575,83.75555499761481,93.52481859951291,71.02864746792538,91.37312008837782,70.8127243967963,89.86668005724472,91.43839915639359,94.72494915764895,89.50262371638756,77.70970900600065,81.25737527931909,81.15945667729544,92.79168445102815,92.63350824775917,83.49192799216651,91.1998794847975,84.66192974967989
27,90.18554319716789,78.17670541565191,79.55760877752391,79.65050591277712,95.52336237414949,93.14067639157398,73.20796404629792,79.96685831931507,87.64217027793819,93.96168620854151,91.48359235732758,81.94531622686986,85.60847623590851,92.23932310627934,93.68299480278189,95.21705290115243,94.37595721710312,95.16181676667755,91.00153154736499,85.4352356323282,97.03733460543825,89.35700118004469,93.79346707173165,83.40656305706896,93.27374526099074,70.9960079339175,91.51372115795024,70.86796053127118,89.77378292199151,91.4057596223857,94.70988475733762,89.77629365537673,77.82269200833564,81.36031534811319,81.18456401114766,92.90968892013358,92.54061111250596,83.49443872555173,91.16723995078962,84.2727660749705
28,90.220693464561,78.23445228351201,79.77102111526777,79.68565618017023,95.56855557508348,93.33149212885084,73.10000251073339,80.06728765472394,87.6898742122574,94.01190087624595,91.48359235732758,82.07336362951618,85.62856210299029,92.2794948404429,93.72316653694544,95.52587310753471,94.39855381757012,95.20449923422632,91.00906374752066,85.51808983404052,97.10512440683924,89.27414697833237,93.8210851389691,83.68776519621382,93.3390243290065,71.39270380878254,91.41580255592659,70.86042833111551,89.8290190564664,91.41831328931181,94.74001355796028,89.81144392276984,78.01099701222728,81.61892088679103,81.35278314795752,93.07790805694343,92.64355118130005,83.44924552461774,91.25762635265761,84.34055587637148
29,90.20562906424966,78.24198448366768,80.03715885410128,79.74089231464511,95.66898491049236,93.43443219764494,73.18787817921616,80.16269552336237,87.89575434984559,94.08220141103216,91.64679002736699,82.24660423309649,85.64362650330162,92.38494564262221,93.8436817394361,95.61123804263225,94.52157975344598,95.33505737025786,91.00153154736499,85.57583670190063,97.1352532074619,89.4950915162319,93.89138567375531,83.79321599839314,93.43694293103016,71.29227447337367,91.47606015717191,70.82025659695196,89.99974892666148,91.42584548946748,94.80529262597605,89.93446985864571,78.13151221471792,81.79718295714179,81.4783198172186,93.3038740616134,92.69878731577494,83.49694945893695,91.36307715483693,84.98832508975872
30,90.28095106580632,78.27462401767556,79.87898265083231,79.7634889151121,95.66898491049236,93.42438926410405,73.10753471088906,80.14763112305104,87.96103341786136,94.06713701072083,91.56644655903989,82.2240076326295,85.66622310376862,92.35732757538477,93.80853147204299,95.93763338271108,94.53413342037209,95.32250370333175,91.06429988199552,85.75912023902181,97.17542494162545,89.59803158502599,93.88887494037009,83.53963192648573,93.39677119686661,71.36759647493032,91.57146802581033,70.87800346481207,90.0022596600467,91.44342062316403,94.76009942504206,89.99472745989104,78.34994601923222,81.98799869441864,81.6390067538728,93.47962539857892,92.67367998192272,83.50950312586306,91.36307715483693,84.65439754952422
31,90.30605839965854,78.27462401767556,80.01205152024906,79.728338647719,95.69409224434457,93.54490446659469,73.23558211353536,80.13507745612493,87.94094755077958,94.09977654472871,91.59406462627733,82.3746516357428,85.65115870345728,92.38494564262221,93.87632127344398,96.18368525446283,94.58685882146175,95.35514323733963,91.07434281553641,85.67877677069472,97.22061814255945,89.71854678751663,93.9139822742223,83.52958899294484,93.51477566597202,71.35755354138944,91.47606015717191,70.92068593236084,89.95455572572749,91.46852795701625,94.80780335936127,89.92442692510483,78.33237088553567,82.0181274950413,81.61892088679103,93.67797333601145,92.65610484822616,83.58984659419016,91.38567375530393,84.64686534936855
32,90.34623013382209,78.30726355168345,80.00200858670817,79.8086821160461,95.7191995781968,93.62775866830701,73.11004544427428,80.13256672273971,88.02631248587713,94.12739461196615,91.55389289211378,82.47508097115167,85.8143563734967,92.43516031032665,93.89138567375531,96.31926485726481,94.62451982224007,95.34761103718397,91.14715408370785,85.69384117100606,97.23066107610033,89.74867558813929,93.90645007406664,83.65763639559115,93.58256546737302,71.4228326094052,91.42082402269703,70.94328253282784,89.93949132541616,91.50367822440936,94.82788922644305,89.91438399156394,78.48803635541942,82.22149689924427,81.8097366240679,93.80602073865776,92.59333651359562,83.46933139169951,91.4735494237867,84.71967661753999
33,90.36882673428909,78.32232795199478,80.02209445378995,79.81119284943132,95.73677471189335,93.63026940169223,73.32345778201812,80.21793165783725,88.13678475482689,94.09977654472871,91.62419342689999,82.51776343870044,85.76665243917748,92.42260664340054,93.89891787391097,96.4222049260589,94.65715935624796,95.38778277134752,91.19234728464184,85.72396997162872,97.2959401441161,89.89680885786738,93.88134274021442,83.56724999372317,93.50724346581636,71.50568681111753,91.5086996911798,70.96336839990961,89.95455572572749,91.4635064902458,94.83542142659871,89.97464159280926,78.59348715759873,82.33196916819404,81.90012302593587,93.96670767531195,92.66865851515227,83.53963192648573,91.46601722363103,84.86529915388284
34,90.45419166938663,78.29973135152778,80.00954078686384,79.82876798312788,95.71166737804113,93.740741670642,73.19038891260136,80.27567852569736,88.20959602299831,94.16505561274448,91.66687589444876,82.79143337768963,85.85201737427502,92.43264957694143,93.84117100605087,96.57284892917221,94.67473448994451,95.3978257048884,91.07183208215119,85.85954957443069,97.25576840995255,90.11022119561123,93.89389640714053,83.83840919932712,93.52732933289813,71.58603027944463,91.61666122674433,70.9960079339175,89.91689472494916,91.44844208993447,94.84797509352482,90.15541439654523,78.7391096939416,82.54538150593788,81.97795576087775,94.12739461196615,92.7640663837907,83.34630545582364,91.54636069195811,84.629290215672
35,90.41904140199352,78.35245675261744,80.06728765472394,79.83378944989832,95.7191995781968,93.71563433678978,73.2632001807728,80.33593612694268,88.25227849054708,94.17007707951493,91.65181149413743,82.77385824399308,85.80682417334103,92.45022471063798,93.85874613974742,96.73604659921163,94.70988475733762,95.41540083858494,91.25009415250194,85.8043134399558,97.40641241306585,90.1177533957669,93.93155740791886,83.57478219387883,93.4193677973336,71.56845514574808,91.4509528233197,70.9734113334505,89.98468452635015,91.5312962916468,94.8454643601396,90.04243139421025,78.80438876195737,82.51274197193,82.04825629566396,94.31067814908735,92.57827211328429,83.48690652539607,91.5438499585729,84.8251274197193
36,90.48180973662407,78.34492455246178,80.17273845690326,79.83378944989832,95.72924251173768,93.89891787391097,73.20043184614225,80.39368299480279,88.28993949132541,94.18765221321148,91.71960129553842,82.8341158452384,85.97002184338045,92.45524617740843,93.8336388058952,96.88669060232493,94.71239549072284,95.42795450551105,91.17477215094529,85.94240377614301,97.32355821135354,90.41904140199352,94.02445454317206,83.51954605940395,93.89138567375531,71.6287127469934,91.48861382409802,70.95834693313917,89.9671093926536,91.50367822440936,94.90572196138493,90.34623013382209,78.93243616460369,82.60061764041276,82.11855683045017,94.52660122021642,92.7640663837907,83.36136985613497,91.57397875919555,84.69959075045821
37,90.50189560370585,78.39262848678099,80.1777599236737,79.87396118406187,95.82716111376133,93.8210851389691,73.29583971478068,80.39870446157323,88.49581962891361,94.21778101383414,91.80747696402119,83.02493158251525,85.86206030781591,92.55316477943207,93.92904667453364,97.05239900574958,94.68979889025584,95.51583017399382,91.17477215094529,85.94240377614301,97.40892314645107,90.46423460292752,94.03449747671294,83.63755052850938,93.79095633834643,71.5483692786663,91.56895729242511,70.97843280022094,89.96208792588315,91.5086996911798,94.90823269477015,90.26588666549499,78.9449898315298,82.83662657862362,82.25664716663738,94.7425242913455,92.81930251826559,83.39149865675763,91.68445102814532,85.01594315699616
38,90.56717467172162,78.37254261969922,80.24303899168947,79.91915438499586,95.85980064776922,93.9717291420824,73.35358658264079,80.47402646312987,88.42049762735695,94.28808154862035,91.79241256370986,83.07263551683447,86.02525797785533,92.58329358005473,93.95415400838586,97.14780687438801,94.75256722488639,95.51834090737904,91.06429988199552,86.0905370458711,97.31602601119788,90.59981420572949,94.13492681212182,83.57478219387883,94.06964774410605,71.68143814808306,91.66687589444876,70.96838986668006,90.08009239498858,91.53380702503202,94.94840442893369,90.44917020261619,79.13831630219187,83.0199101157448,82.43490923698812,94.91074342815537,92.84692058550303,83.37392352306108,91.79241256370986,84.94564262220995
39,90.56968540510684,78.47046122172287,80.21542092445203,79.9342187853072,95.84975771422833,93.94913254161541,73.2406035803058,80.50666599713776,88.57616309724071,94.30314594893169,91.92045996635618,83.2132365864069,85.88716764166813,92.59584724698084,93.96921840869717,97.30598307765699,94.79273895904994,95.56353410831304,91.19485801802706,85.9524467096839,97.48675588139295,90.54457807125462,94.02194380978683,83.66516859574682,93.76082753772377,71.62118054683773,91.5312962916468,71.03617966808105,89.9796630595797,91.579000225966,94.93082929523713,90.26086519872455,79.10567676818398,82.91697004695071,82.47005950438123,95.01117276356423,92.79670591779859,83.45928845815862,91.79994476386553,85.21680182781391
40,90.53202440432851,78.52569735619774,80.12754525596927,79.8890255843732,95.73928544527857,93.9842828090085,73.2406035803058,80.45896206281854,88.64144216525648,94.33829621632479,91.83007356448819,83.14042531823546,85.90223204197946,92.4753320444902,93.83112807250998,97.5043310150895,94.79273895904994,95.47314770644505,91.31286248713249,86.11564437972332,97.48926661477817,90.80569434331768,93.97423987546762,83.69278666298426,93.76082753772377,71.72160988224661,91.6141504933591,71.05626553516282,89.82399758969595,91.57397875919555,94.9383614953928,90.4617238695423,79.31657837254262,82.99731351527781,82.53784930578222,95.17185970021843,92.64104044791483,83.36639132290541,91.7748374300133,84.47111401240302
41,90.60232493911471,78.41020362047755,80.33091466017224,79.90911145145498,95.88239724823622,94.04956187702427,73.33098998217379,80.56441286499786,88.5987596977077,94.3734464837179,91.89535263250396,83.47435285846996,85.9524467096839,92.63350824775917,93.9591754751563,97.56207788294961,94.79022822566472,95.59868437570614,91.27771221973939,86.09304777925632,97.47671294785206,90.76050114238369,94.02194380978683,83.77061939792614,93.74827387079766,71.84212508473725,91.52376409149113,71.02613673454016,90.0826031283738,91.62921489367044,94.94589369554846,90.45921313615708,79.43458284164805,83.10276431745713,82.69100404228075,95.35765397072485,92.76657711717593,83.49443872555173,91.90790629943007,85.18416229380603
42,90.68015767405659,78.51565442265685,80.2681463255417,80.02962665394561,95.87235431469533,94.14999121243315,73.16779231213438,80.6372241331693,88.66403876572346,94.41612895126667,91.91292776620051,83.37141278967586,86.04032237816666,92.6033794471365,93.94160034145975,97.60476035049838,94.83793215998394,95.57608777523915,91.16723995078962,86.1357302468051,97.4114338798363,91.0492354816842,94.04956187702427,83.59235732757539,93.99432574254939,71.8822968189008,91.55138215872856,71.05626553516282,90.05749579452159,91.579000225966,94.9609580958598,90.59730347234427,79.55258731075347,83.25591905395567,82.75879384368174,95.49323357352682,92.8092595847247,83.42915965753596,91.94054583343795,85.14901202641292
43,90.67513620728614,78.46041828818198,80.12503452258404,80.01958372040473,95.93261191594064,94.12488387858093,73.32596851540335,80.6723744005624,88.81468276883678,94.43370408496322,91.9455673002084,83.59486806096061,86.04283311155189,92.66614778176705,94.01692234301639,97.71774335283337,94.80780335936127,95.64387757664014,91.35052348791082,86.10560144618243,97.55956714956439,90.70275427452358,94.10730874488438,83.46179919154385,93.96419694192673,71.66135228100129,91.58653242612166,71.08388360240026,90.02234552712848,91.68696176153054,95.01619423033468,90.34120866705165,79.46973310904114,83.39652012352808,82.8692661126315,95.68656004418891,92.72138391624193,83.41158452383941,92.0033141680685,85.01343242361094
44,90.7052650079088,78.5784227572874,80.30831805970524,80.0170729870195,95.88741871500666,94.1324160787366,73.23809284692058,80.7175676014964,88.7594466343619,94.46383288558587,91.94305656682317,83.70031886313993,86.01772577769967,92.6033794471365,93.97675060885284,97.78804388761958,94.86303949383615,95.61123804263225,91.3254161540586,86.16083758065732,97.5721208164905,90.8533982776369,94.0520726104095,83.54967486002661,93.87632127344398,71.8822968189008,91.49363529086847,71.06630846870371,90.01230259358759,91.63423636044088,95.00112983002334,90.54959953802506,79.55007657736824,83.51954605940395,82.98727058173692,95.76941424590123,92.79921665118381,83.293580054734,92.02088930176505,84.96572848929172
45,90.71028647467925,78.58344422405784,80.3384468603279,80.05724472118305,95.91001531547364,94.18514147982626,73.49418765221321,80.73765346857817,88.84481156945944,94.47136508574154,92.0033141680685,83.73044766376259,85.97002184338045,92.6033794471365,93.94662180823019,97.98388109166687,94.8680609606066,95.63383464309925,91.36307715483693,86.12066584649376,97.57965301664616,90.91616661226745,94.00185794270506,83.63252906173894,93.69805920309322,71.83961435135203,91.46852795701625,71.08388360240026,90.04494212759548,91.71206909538276,94.98355469632679,90.38389113460042,79.69569911371111,83.42664892415074,83.11280725099802,95.89997238193276,92.73393758316804,83.6174646614276,92.06106103592859,85.10632955886415
46,90.70024354113836,78.66880915915539,80.18780285721459,80.06979838810916,95.88992944839188,94.18012001305581,73.33601144894423,80.77782520274172,88.86740816992643,94.47387581912676,92.08114690301036,83.79070526500792,86.03530091139622,92.58329358005473,93.94662180823019,98.00145622536343,94.86555022722138,95.6740063772628,91.35805568806649,86.20352004820609,97.5721208164905,91.0366818147581,94.02696527655728,83.73044766376259,93.81857440558387,71.87476461874513,91.67189736121921,71.14916267041603,89.92693765849005,91.67691882798965,95.04883376434256,90.48683120339452,79.81872504958699,83.34881618920886,83.20821511963645,96.02550905119385,92.6711692485375,83.48439579201084,92.09370056993647,84.93811042205428
47,90.70024354113836,78.66880915915539,80.3258931934018,80.01456225363428,95.90750458208842,94.27803861507947,73.45150518466444,80.78033593612695,88.94021943809787,94.51906902006075,92.13638303748525,83.84091993271234,86.03781164478144,92.58831504682517,93.96419694192673,98.0893318938462,94.88814682768837,95.66145271033669,91.30784102036205,86.29139571668884,97.59973888372794,90.96135981320144,94.03951894348339,83.73044766376259,93.87632127344398,71.88982901905646,91.63423636044088,71.10648020286726,90.0022596600467,91.68445102814532,95.04883376434256,90.67262547390092,79.81621431620177,83.54465339325617,83.26094052072611,96.16611012076628,92.72389464962716,83.45928845815862,92.1539581711818,84.85776695372718
48,90.74794747545758,78.6135730246805,80.52424113083431,80.08737352180572,95.93261191594064,94.17007707951493,73.5494237866881,80.81548620352005,88.95277310502398,94.50902608651987,92.16400110472269,83.97649953551432,85.9750433101509,92.63099751437395,93.96670767531195,98.09184262723142,94.88563609430315,95.7091566446559,91.30030882020638,86.24620251575485,97.63488915112104,91.1069823495443,94.03700821009816,83.66516859574682,93.81104220542821,71.86723241858947,91.56142509226945,71.1115016696377,89.99974892666148,91.67942956137487,95.04381229757212,90.67262547390092,79.82374651635743,83.49946019232218,83.29860152150444,96.29666825679782,92.79168445102815,83.51703532601873,92.16400110472269,85.16658716010947
49,90.79062994300635,78.65374475884406,80.3258931934018,80.17273845690326,95.98784805041552,94.35838208340657,73.48916618544277,80.85063647091316,88.96783750533531,94.53915488714253,92.04850736900248,84.07943960430842,86.17841271435387,92.70129804916016,94.05709407717994,98.12950362800974,94.88814682768837,95.7769464460569,91.35303422129604,86.26628838283662,97.65497501820282,91.08689648246252,94.0872228778026,83.80325893193402,93.92151447437797,71.9626402872279,91.57146802581033,71.17678073765347,90.07256019483292,91.7622837630872,95.12666649928444,90.49938487032063,79.92417585176631,83.59988952773105,83.38145572321675,96.40965125913279,92.74146978332371,83.53963192648573,92.337241708303,85.49800396695875
50,90.81824801024379,78.60604082452484,80.37108639433579,80.08988425519094,95.99286951718597,94.30314594893169,73.5619774536142,80.83808280398705,89.0356273067363,94.61196615531397,92.1313615707148,84.1572723392503,86.12317657987899,92.69376584900449,94.0068794094755,98.21235782972207,94.92329709508148,95.75686057897512,91.36809862160737,86.26879911622184,97.60978181726882,91.26264781942805,94.21778101383414,83.63755052850938,94.20773808029325,71.92246855306435,91.73466569584976,71.13660900348992,90.01732406035804,91.76479449647242,95.13922016621055,90.58474980541816,79.95179391900373,83.73044766376259,83.52707825955962,96.5828918627131,92.74398051670893,83.44924552461774,92.33975244168822,85.36995656431243
51,90.80569434331768,78.66880915915539,80.39870446157323,80.19533505737026,95.98282658364508,94.408596751111,73.60214918777775,80.87072233799493,89.05320244043286,94.57681588792086,92.22676943935323,84.1346757387833,86.06040824524844,92.67367998192272,93.96921840869717,98.23495443018906,94.91325416154059,95.77945717944212,91.33294835421427,86.31901378392628,97.64995355143238,91.25762635265761,94.10228727811393,83.79070526500792,94.01441160963117,71.88982901905646,91.50618895779458,71.16924853749781,89.95204499234227,91.69700469507143,95.13670943282533,90.59228200557382,80.04469105425694,83.53963192648573,83.6852544628286,96.5954455296392,92.7640663837907,83.46430992492907,92.32217730799167,85.19922669411736
52,90.83833387732557,78.71400236008938,80.51921966406387,80.12754525596927,95.98784805041552,94.42115041803712,73.55695598684376,80.9485550729368,89.07830977428507,94.58936955484697,92.37992417585177,84.27527680835573,86.02776871124055,92.69627658238971,93.97675060885284,98.26508323081173,94.93334002862235,95.79703231313867,91.28524441989505,86.37173918501594,97.6750608852846,91.35303422129604,94.16003414597404,83.89615606718722,93.96921840869717,71.86974315197469,91.69198322830098,71.13660900348992,90.0826031283738,91.6944939616862,95.13168796605488,90.75296894222802,79.99196565316728,83.73295839714781,83.81832333224534,96.74106806598208,92.8092595847247,83.41660599060985,92.40503150970399,85.25195209520702
53,90.83331241055512,78.75668482763815,80.49662306359687,80.18027065705893,96.0079339174973,94.38600015064401,73.56448818699943,80.94604433955158,89.16618544276783,94.58434808807652,92.33975244168822,84.31042707574882,86.07045117878933,92.71887318285671,93.98177207562328,98.33789449898315,94.91325416154059,95.82716111376133,91.32039468728816,86.39684651886816,97.6876145522107,91.4509528233197,94.12237314519571,83.63001832835371,93.97926134223806,71.93000075322001,91.67691882798965,71.18682367119436,90.03489919405459,91.7045368952271,95.13922016621055,90.74543674207236,80.02962665394561,83.893645333802,83.87607020010545,96.79379346707174,92.79670591779859,83.37392352306108,92.46528911094931,85.52813276758141
54,90.85841974440734,78.74915262748249,80.54934846468653,80.1777599236737,95.98784805041552,94.37846795048834,73.52180571945065,81.02136634110823,89.10090637475207,94.63205202239574,92.37992417585177,84.37068467699414,86.0905370458711,92.72640538301238,94.00436867609028,98.31278716513093,94.92831856185191,95.83971478068744,91.34550202114038,86.45208265334304,97.68510381882548,91.48108162394236,94.1324160787366,83.74049059730348,93.94913254161541,71.97268322076879,91.68696176153054,71.19435587135003,90.01732406035804,91.71457982876798,95.12666649928444,90.76050114238369,80.09992718873183,83.76810866454092,84.01416053629265,96.84902960154662,92.83938838534736,83.39652012352808,92.50546084511286,85.48545030003264
55,90.87850561148912,78.73408822717116,80.43385472896634,80.19784579075548,95.97529438348941,94.44123628511889,73.65989605563786,81.06153807527178,89.15363177584172,94.64460568932185,92.38243490923699,84.49873207964046,86.12819804664943,92.70129804916016,93.98177207562328,98.34542669913881,94.9032112279997,95.82716111376133,91.33545908759949,86.41693238594993,97.69012528559593,91.48359235732758,94.12237314519571,83.79321599839314,93.9014286072962,71.86221095181902,91.61666122674433,71.24205980566924,90.04996359436592,91.78739109693942,95.1341986994401,90.81824801024379,80.19533505737026,83.88109166687589,84.07943960430842,96.93439453664415,92.76155565040548,83.45426699138818,92.59333651359562,85.42017123201687
56,90.95131687966055,78.71400236008938,80.52173039744909,80.31082879309047,96.03304125134952,94.44625775188932,73.7000677898014,81.09919907605011,89.21388937708704,94.65715935624796,92.35983830877,84.43847447839514,86.1708805141982,92.77913078410204,94.08471214441738,98.40317356699892,94.94840442893369,95.879886514851,91.35554495468126,86.41944311933516,97.70770041929248,91.49614602425369,94.19769514675237,83.78568379823747,94.05960481056516,71.95510808707223,91.64930076075221,71.24205980566924,90.11273192899645,91.81751989756208,95.18692410052977,90.67764694067137,80.15767405659193,83.99407466921087,84.12212207185719,97.02980240528258,92.7741093173316,83.48439579201084,92.6711692485375,85.6185191694494
57,90.93123101257878,78.66378769238494,80.58700946546486,80.28823219262347,96.05814858520174,94.5014938863642,73.75028245750583,81.09166687589445,89.17873910969394,94.67473448994451,92.36234904215522,84.57405408119712,86.16836978081298,92.78917371764292,94.08220141103216,98.42074870069547,94.9609580958598,95.8924401817771,91.41078108915615,86.44455045318738,97.7328077531447,91.60661829320344,94.20271661352281,83.54716412664139,94.0520726104095,71.99025835446534,91.47857089055714,71.27218860629189,90.16294659670089,91.82756283110297,95.2371387682342,90.89608074518567,80.22546385799292,83.74551206407392,84.25268020788873,97.06997413944613,92.70129804916016,83.45928845815862,92.72640538301238,85.77920610610359
58,91.02161741444677,78.80438876195737,80.66986366717718,80.34597906048357,96.04559491827563,94.52157975344598,73.70257852318662,81.154435210525,89.25155037786537,94.68979889025584,92.42762811017099,84.64686534936855,86.18092344773909,92.7866629842577,94.04705114363905,98.42074870069547,94.97853322955635,95.92507971578497,91.36307715483693,86.44957191995782,97.71523261944814,91.7045368952271,94.2127595470637,83.85096286625323,94.13994827889226,72.00030128800623,91.71457982876798,71.27721007306234,90.18303246378267,91.8200306309473,95.21956363453765,90.90863441211178,80.31333952647569,84.0091390695222,84.40834567777247,97.11014587360968,92.87453865274047,83.46682065831429,92.7515127168646,85.68630897085039
59,90.9914886138241,78.67634135931105,80.74518566873384,80.31585025986091,96.11338471967662,94.52660122021642,73.80300785859549,81.11928494313189,89.31682944588114,94.67724522332973,92.55065404604684,84.7096336839991,86.19598784805042,92.82181325165081,94.09977654472871,98.46594190162946,94.99861909663812,95.93512264932586,91.39069522207437,86.51736172135881,97.7679580205378,91.91041703281529,94.27301714830902,83.84343066609756,94.17509854628537,71.99276908785056,91.64930076075221,71.29729594014411,90.18805393055311,91.82254136433252,95.23462803484898,91.02914961460243,80.34095759371313,84.00662833613698,84.43345301162469,97.23568254287078,92.77913078410204,83.49694945893695,92.82934545180647,85.91980717567601
60,90.95884907981622,78.88975369705491,80.64224559993974,80.35602199402446,96.09580958598006,94.50651535313465,73.85322252629993,81.22222501192599,89.27414697833237,94.67473448994451,92.48537497803109,84.74980541816265,86.27382058299229,92.82181325165081,94.10479801149916,98.47849556855557,94.96597956263024,95.95771924979286,91.36809862160737,86.53242612167014,97.76042582038214,91.96314243390495,94.18765221321148,83.81079113208969,94.02696527655728,71.94757588691657,91.66436516106354,71.19686660473525,90.16796806347133,91.77985889678375,95.2019885008411,91.00404228075021,80.28572145923825,84.16480453940596,84.4911998794848,97.260789876723,92.84943131888825,83.42915965753596,92.88207085289613,85.89972130859424
61,91.01659594767632,78.7165130934746,80.54432699791609,80.33593612694268,96.0656807853574,94.54417635391297,73.8607547264556,81.19711767807377,89.27665771171759,94.67473448994451,92.48537497803109,84.75231615154787,86.21105224836175,92.75402345024982,94.04454041025383,98.45087750131813,94.98355469632679,95.89997238193276,91.41329182254137,86.51736172135881,97.78804388761958,91.77734816339853,94.1901629465967,83.57980366064928,94.04202967686861,72.00783348816189,91.6141504933591,71.27721007306234,90.08762459514425,91.8777774988074,95.2019885008411,90.98646714705366,80.35853272740968,84.0769288709232,84.68201561676166,97.2959401441161,92.80423811795426,83.60240026111627,92.81177031810992,85.4126390318612
62,91.00153154736499,78.80689949534259,80.60207386577619,80.32840392678702,96.07823445228351,94.50902608651987,73.82309372567727,81.2347786788521,89.29674357879937,94.68979889025584,92.51801451203896,84.75231615154787,86.27382058299229,92.74398051670893,94.03951894348339,98.50862436917824,94.98606542971201,95.88490798162144,91.35303422129604,86.54749052198147,97.79306535439002,91.97569610083106,94.24539908107158,83.59988952773105,94.03700821009816,72.03294082201411,91.65181149413743,71.28725300660322,90.12026412915212,91.85015943156996,95.19947776745587,91.06429988199552,80.36857566095057,84.18489040648774,84.71465515076954,97.33109041150921,92.78164151748726,83.49694945893695,92.84692058550303,85.6536694368425
63,90.91867734565267,78.84456049612092,80.6949710010294,80.40874739511412,96.12844911998795,94.56928368776519,73.87079765999648,81.22222501192599,89.34444751311858,94.70235255718195,92.57325064651384,84.87032062065329,86.20854151497653,92.83436691857692,94.13743754550704,98.52619950287479,94.99108689648246,95.9401441160963,91.46601722363103,86.48472218735093,97.80812975470135,91.69700469507143,94.18765221321148,83.75053353084436,93.84870320620654,72.05804815586633,91.67942956137487,71.27721007306234,90.22571493133144,91.89284189911874,95.19445630068543,90.933741745964,80.36355419418013,84.08446107107886,84.73725175123654,97.39636947952496,92.75653418363504,83.47435285846996,92.90968892013358,85.78673830625925
64,91.06932134876597,78.93745763137413,80.68743880087374,80.43134399558112,96.08074518566873,94.57430515453564,73.98126992894625,81.22724647869643,89.41725878129002,94.70235255718195,92.56571844635818,84.86529915388284,86.23867031559918,92.7515127168646,94.08220141103216,98.54126390318612,95.00364056340857,95.92005824901453,91.44090988977881,86.55753345552236,97.79808682116047,91.99327123452761,94.20522734690803,83.57729292726405,94.05458334379472,71.99276908785056,91.64427929398177,71.27972080644756,90.17801099701222,91.86773456526652,95.21956363453765,91.09191794923296,80.43636546235155,84.07943960430842,84.88036355419418,97.41896607999196,92.85696351904392,83.48188505862562,92.94483918752668,85.77167390594792
65,91.06429988199552,78.91737176429235,80.74267493534862,80.4765371965151,96.14853498706972,94.65464862286274,74.00888799618369,81.27997187978609,89.41725878129002,94.6847774234854,92.64355118130005,84.8828742875794,86.30646011700017,92.7866629842577,94.11735167842527,98.5387531698009,95.01368349694945,95.94516558286675,91.45346355670492,86.50731878781792,97.80561902131613,91.98322830098672,94.24539908107158,83.75053353084436,94.17258781290015,72.1459238243491,91.60912902658866,71.33244620753722,90.20311833086444,91.88530969896307,95.27731050239775,91.02412814783199,80.48406939667076,84.10956840493108,84.9983680232996,97.4917773481634,92.86449571919958,83.59486806096061,92.98752165507545,85.9072535087499
66,91.00655301413543,78.90732883075147,80.60207386577619,80.48406939667076,96.10836325290617,94.63456275578096,73.96118406186447,81.2699289462452,89.41976951467524,94.7073740239524,92.5807828466695,84.95066408898039,86.29641718345928,92.76155565040548,94.05960481056516,98.59147857089056,94.97602249617113,95.94516558286675,91.4283562228527,86.52238318812925,97.81566195485702,92.02340003515027,94.21527028044892,83.70534032991037,94.07215847749127,72.11077355695599,91.76479449647242,71.35002134123377,90.21065053102011,91.87275603203696,95.27982123578298,91.09945014938863,80.45142986266288,84.28029827512617,85.01092169022571,97.51437394863039,92.80172738456903,83.48188505862562,93.01262898892766,85.69133043762083
67,91.14715408370785,78.82949609580959,80.5342840643752,80.4991337969821,96.12593838660273,94.61698762208441,74.03650606342113,81.34022948103141,89.37959778051169,94.69733109041151,92.63099751437395,84.96572848929172,86.4470611865726,92.75653418363504,94.03700821009816,98.62160737151322,95.03125863064601,95.93010118255542,91.45597429009014,86.51234025458837,97.82821562178312,92.10123277009214,94.2479098144568,83.58984659419016,94.23284541414547,72.03545155539933,91.7622837630872,71.34499987446333,90.15541439654523,91.83509503125863,95.28986416932386,91.07685354892163,80.4539405960481,84.29285194205228,85.06866855808582,97.53445981571217,92.81428105149514,83.33626252228275,93.06786512340254,85.60596550252329
68,91.04170328152854,78.8772000301288,80.6723744005624,80.49662306359687,96.14351352029928,94.65213788947752,74.01139872956891,81.36031534811319,89.42981244821613,94.71239549072284,92.61593311406261,85.06113635793015,86.41191091917949,92.77662005071682,94.0872228778026,98.59147857089056,95.06640889803911,95.94265484948153,91.43337768962314,86.50982952120314,97.86336588917622,92.04599663561726,94.28306008184991,83.63001832835371,94.22782394737503,72.06055888925155,91.76981596324286,71.39270380878254,90.198096864094,91.91543849958573,95.31246076979086,91.02412814783199,80.49160159682643,84.31042707574882,85.15152275979814,97.57965301664616,92.8092595847247,83.4442240578473,93.08292952371387,86.010193577544
69,90.97642421351277,78.85209269627659,80.6146275327023,80.4991337969821,96.13095985337317,94.62451982224007,74.12187099851867,81.39044414873585,89.46245198222401,94.72494915764895,92.70129804916016,85.05862562454493,86.39433578548294,92.75904491702026,94.09977654472871,98.65675763890633,95.03376936403123,95.96525144994852,91.47103869040147,86.47216852042482,97.82821562178312,91.95058876697884,94.25042054784203,83.96394586858821,94.11233021165482,72.17354189158654,91.79241256370986,71.37010720831555,90.21567199779055,91.9581209671345,95.30241783624997,91.0492354816842,80.4991337969821,84.14220793893897,85.28710236260011,97.61982475080971,92.69376584900449,83.55469632679706,93.05028998970599,85.83193150719325
70,91.00906374752066,78.88222149689925,80.6598207336363,80.46649426297421,96.12091691983228,94.6395842225514,74.19217153330487,81.39797634889152,89.48504858269101,94.73499209118984,92.72640538301238,85.08624369178237,86.35918551808983,92.76155565040548,94.07969067764694,98.62913957166889,95.08398403173567,95.98282658364508,91.50116749102413,86.53493685505536,97.82319415501269,92.1539581711818,94.21024881367848,83.75053353084436,94.08220141103216,72.11579502372643,91.81249843079163,71.31738180722589,90.17801099701222,91.92799216651184,95.30995003640564,91.16723995078962,80.4539405960481,84.28280900851139,85.29212382937055,97.66752868512893,92.73644831655326,83.55469632679706,93.08292952371387,85.84448517411936
71,91.1421326169374,78.88724296366969,80.5794772653092,80.53679479776042,96.15355645384017,94.6847774234854,74.28255793517286,81.42559441612894,89.55534911747722,94.73750282457506,92.74398051670893,85.13645835948681,86.47216852042482,92.82934545180647,94.09977654472871,98.65173617213588,95.09653769866178,95.99286951718597,91.45848502347536,86.69311305832434,97.86336588917622,92.26191970674634,94.35336061663612,83.71036179668081,94.431193351578,72.10575209018555,91.84764869818474,71.41278967586432,90.16294659670089,91.95058876697884,95.35263250395441,91.24005121896106,80.57194506515353,84.32549147606015,85.4000853649351,97.69514675236637,92.81177031810992,83.58984659419016,93.20344472620452,85.91227497552035
72,91.13962188355218,78.90732883075147,80.78786813628261,80.59454166562053,96.19874965477416,94.6847774234854,74.20472520023098,81.45572321675161,89.53777398378067,94.71239549072284,92.80674885133948,85.14147982625725,86.52991538828492,92.8670064525848,94.1901629465967,98.62662883828366,95.10155916543222,96.05563785181651,91.49363529086847,86.58013005598936,97.88596248964322,92.22425870596801,94.31318888247257,83.77564086469658,94.22782394737503,72.22375655929096,91.75224082954631,71.42785407617565,90.32363353335509,91.95058876697884,95.35514323733963,91.10196088277385,80.62718119962841,84.33302367621582,85.43272489894298,97.7102111526777,92.89713525320747,83.44171332446207,93.22101985990108,86.1583268472721
73,91.14464335032262,78.92992543121846,80.74267493534862,80.58952019885008,96.18117452107761,94.66469155640362,74.17710713299354,81.46827688367772,89.57041351778855,94.7199276908785,92.74398051670893,85.22182329458435,86.51987245474403,92.81679178488037,94.12990534535137,98.63918250520977,95.09402696527656,96.0204875844234,91.47857089055714,86.5500012553667,97.85332295563533,92.20166210550101,94.31318888247257,83.85347359963845,94.39855381757012,72.18609555851265,91.76479449647242,71.329935474152,90.21567199779055,91.95561023374928,95.34761103718397,91.1069823495443,80.57194506515353,84.48617841271435,85.44778929925431,97.72778628637425,92.94483918752668,83.53209972633006,93.22101985990108,86.010193577544
74,91.13711115016696,79.00022596600466,80.60458459916141,80.57696653192397,96.17113158753672,94.6270305556253,74.21225740038665,81.46827688367772,89.53275251701022,94.70988475733762,92.81930251826559,85.22433402796958,86.49476512089181,92.7640663837907,94.09726581134349,98.72956890707776,95.09653769866178,95.9853373170303,91.49865675763891,86.6303447236938,97.82570488839791,92.33975244168822,94.25544201461247,83.85598433302367,94.14748047904793,72.1233272238821,91.84011649802908,71.38266087524165,90.25082226518366,91.97067463406061,95.36769690426574,91.27018001958372,80.60458459916141,84.34557734314193,85.50553616711441,97.78302242084914,92.69627658238971,83.65010419543549,93.25114866052374,85.9524467096839
75,91.25762635265761,78.96758643199679,80.62467046624319,80.58198799869442,96.18368525446283,94.74001355796028,74.34532626980341,81.49087348414471,89.55785985086244,94.73248135780462,92.7515127168646,85.24441989505135,86.6428983906199,92.83687765196214,94.10228727811393,98.69441863968466,95.1341986994401,96.0305305179643,91.49112455748325,86.63285545707902,97.86838735594667,92.5682291797434,94.41110748449623,83.66516859574682,94.55673002083908,72.1459238243491,92.0259107685355,71.40023600893821,90.3010369328881,91.98824976775717,95.41540083858494,91.27018001958372,80.75020713550428,84.38072761053503,85.62856210299029,97.80310828793091,92.83938838534736,83.59737879434583,93.35157799593262,86.11815511310854
76,91.24005121896106,79.02282256647166,80.81548620352005,80.61964899947274,96.19623892138894,94.6496271560923,74.2298325340832,81.49589495091516,89.64824625273042,94.73499209118984,92.77913078410204,85.2042481608878,86.63787692384946,92.79670591779859,94.16254487935926,98.71199377338121,95.1567952999071,96.02550905119385,91.50367822440936,86.64038765723468,97.84076928870923,92.31715584122122,94.37846795048834,83.72291546360692,94.49145095282331,72.11579502372643,91.83258429787341,71.3650857415451,90.29350473273243,91.99578196791283,95.41791157197017,91.29277662005072,80.70752466795551,84.43094227823947,85.68128750407995,97.81566195485702,92.87956011951091,83.4793743252404,93.41183559717794,86.33407818423761
77,91.23502975219061,79.04541916693866,80.65479926686585,80.63220266639885,96.15355645384017,94.69984182379673,74.26749353486153,81.50342715107082,89.60305305179644,94.7425242913455,92.89964598659269,85.26450576213313,86.6428983906199,92.78415225087248,94.02445454317206,98.75467624092998,95.14173089959577,96.01044465088252,91.55891435888422,86.66800572447212,97.88847322302844,92.20668357227146,94.25795274799769,83.8358984659419,94.32323181601346,72.19111702528309,91.94305656682317,71.39521454216776,90.26086519872455,91.99829270129806,95.39280423811796,91.27771221973939,80.76025006904517,84.35813101006804,85.7340129051696,97.83323708855356,92.7866629842577,83.5245675261744,93.3390243290065,85.89972130859424
78,91.23754048557583,78.99520449923422,80.90336187200282,80.66735293379196,96.23138918878205,94.73499209118984,74.28506866855808,81.54108815184915,89.6457355193452,94.7299706244194,92.8896030530518,85.274548695674,86.69311305832434,92.8896030530518,94.2353561475307,98.72705817369254,95.18692410052977,96.07070225212784,91.47857089055714,86.68558085816868,97.85081222225011,92.31213437445078,94.408596751111,83.85347359963845,94.57179442115041,72.17354189158654,91.87526676542218,71.37010720831555,90.3939340681413,92.01837856837983,95.46310477290416,91.29779808682116,80.69999246779985,84.54141454718923,85.8495066408898,97.85583368902056,92.97998945491979,83.4216274573803,93.44949659795627,86.49727585427704
79,91.25511561927239,79.09814456802832,80.88076527153582,80.70501393457029,96.18619598784805,94.69482035702629,74.34281553641819,81.61641015340581,89.65075698611564,94.72494915764895,92.90968892013358,85.32727409676366,86.67051645785735,92.82683471842125,94.14999121243315,98.7571869743152,95.16683823344799,96.06317005197218,91.53380702503202,86.65294132416079,97.89349468979889,92.57073991312862,94.32323181601346,83.74049059730348,94.32072108262824,72.19362775866831,91.99578196791283,71.40525747570865,90.33869793366642,92.04097516884681,95.42795450551105,91.3706093549926,80.78033593612695,84.48868914609957,85.96751110999523,97.88847322302844,92.87202791935525,83.52958899294484,93.44698586457105,86.14075171357554
80,91.2902658866655,79.04290843355344,81.02387707449346,80.66484220040674,96.22887845539682,94.67975595671496,74.33779406964774,81.59130281955359,89.72858972105752,94.75758869165684,92.85696351904392,85.22182329458435,86.80107459388887,92.87202791935525,94.23284541414547,98.7446333073891,95.18190263375932,96.08074518566873,91.5086996911798,86.61528032338246,97.88847322302844,92.21923723919757,94.3734464837179,83.72793693037737,94.51153681990509,72.2739712269954,91.89786336588918,71.30482814029978,90.3813804012152,92.10625423686258,95.46310477290416,91.2099224183384,80.80544326997916,84.58911848150845,85.98006477692134,97.87340882271711,92.95488212106757,83.46430992492907,93.48715759873458,86.34914258454894
81,91.21243315172362,79.0956338346431,80.73263200180773,80.66986366717718,96.22385698862638,94.7425242913455,74.29009013532853,81.5687062190866,89.68590725350874,94.75256722488639,92.90968892013358,85.3322955635341,86.77094579326621,92.81930251826559,94.17760927967059,98.77225137462653,95.11662356574355,96.07321298551307,91.52376409149113,86.69060232493912,97.94370935750332,92.3497953752291,94.30565668231691,83.76308719777047,94.23033468076025,72.17856335835698,92.06859323608425,71.44040774310176,90.34371940043687,92.04348590223204,95.4455296392076,91.35805568806649,80.76778226920084,84.59162921489367,86.032790178011,97.92864495719199,92.76908785056115,83.44673479123252,93.45451806472671,86.17590198096865
82,91.25260488588717,79.0730372341761,80.80293253659394,80.69999246779985,96.21381405508549,94.72243842426373,74.36290140349996,81.58377061939792,89.66331065304175,94.75507795827161,92.95990358783801,85.30467749629666,86.78601019357754,92.83687765196214,94.17509854628537,98.76471917447087,95.20700996761154,96.08074518566873,91.58904315950689,86.59770518968591,97.89098395641366,92.36485977554044,94.29812448216124,83.89113460041678,94.39353235079967,72.25890682668407,91.93301363328229,71.41781114263476,90.45670240277185,92.06859323608425,95.45055110597805,91.34299128775515,80.81046473674961,84.50877501318135,86.07798337894499,97.91609129026588,92.86198498581436,83.44673479123252,93.51477566597202,86.18845564789476
83,91.27520148635416,79.1081875015692,80.97617314017424,80.62969193301363,96.30922192372392,94.76763162519772,74.22481106731276,81.55113108539004,89.73612192121318,94.75256722488639,92.98501092169023,85.36744583092721,86.84877852820809,92.90717818674835,94.25293128122725,98.8048909086344,95.19194556730021,96.12091691983228,91.53380702503202,86.60272665645635,97.93617715734766,92.30209144090989,94.41361821788145,83.86351653317934,94.54919782068342,72.28401416053629,91.89786336588918,71.39019307539732,90.4391272690753,92.04348590223204,95.47816917321549,91.22498681864973,80.84812573752794,84.57907554796756,86.07296191217455,97.94873082427377,92.90466745336313,83.59988952773105,93.52984006628336,86.48472218735093
84,91.33294835421427,78.95503276507068,80.58952019885008,80.72007833488162,96.23389992216727,94.67222375655929,74.5286098069246,81.62896382033192,89.68590725350874,94.72745989103417,92.86198498581436,85.36242436415677,86.89146099575686,92.81679178488037,94.1550126792036,98.82246604233096,95.1793919003741,96.02801978457907,91.56895729242511,86.60021592307113,97.92111275703633,92.3497953752291,94.3282532827839,83.88109166687589,94.4788972858972,72.21371362575009,91.91794923297095,71.49815461096186,90.27341886565065,92.10374350347736,95.4907228401416,91.15217555047829,80.73263200180773,84.51881794672224,86.0679404454041,97.9863918250521,92.69878731577494,83.6626578623616,93.55243666675035,86.04283311155189
85,91.36809862160737,79.00775816616033,80.64726706671019,80.77029300258606,96.28913605664215,94.81533555951694,74.45328780536795,81.6038564864797,89.67335358658264,94.73750282457506,92.89211378643702,85.25948429536268,86.95171859700218,92.87202791935525,94.2253132139898,98.8274875091014,95.16934896683321,96.04559491827563,91.54133922518768,86.64038765723468,97.9411986241181,92.54312184589118,94.38600015064401,83.7430013306887,94.45378995204499,72.31414296115895,92.12885083732958,71.48811167742097,90.42908433553441,92.10625423686258,95.4681262396746,91.3831630219187,80.85314720429838,84.58911848150845,86.26879911622184,98.01903135905998,92.72389464962716,83.56976072710839,93.58758693414346,86.29139571668884
86,91.3254161540586,79.09814456802832,80.81799693690527,80.76025006904517,96.27407165633082,94.80529262597605,74.47588440583495,81.62394235356147,89.75118632152451,94.77014235858294,92.96743578799368,85.47540736649175,86.92661126314997,92.84189911873258,94.14999121243315,98.75467624092998,95.19194556730021,96.0882773858244,91.51372115795024,86.66298425770168,97.92111275703633,92.33975244168822,94.32574254939868,83.81581259886013,94.47638655251198,72.26643902683973,92.0962113033217,71.45045067664265,90.42657360214919,92.0962113033217,95.47816917321549,91.23502975219061,80.86821160460971,84.64435461598333,86.32403525069672,98.01400989228954,92.87202791935525,83.61244319465716,93.57252253383213,86.30143865022973
87,91.36307715483693,79.17848803635542,80.81046473674961,80.77782520274172,96.25398578924904,94.7425242913455,74.36290140349996,81.66913555449547,89.72858972105752,94.76261015842728,93.00007532200155,85.45281076602475,86.93665419669085,92.82683471842125,94.09977654472871,98.8274875091014,95.19696703407065,96.07070225212784,91.5438499585729,86.7583921263401,97.89349468979889,92.71887318285671,94.3734464837179,83.72793693037737,94.49396168620854,72.36435762886339,92.10625423686258,71.4680258103392,90.33116573351076,92.01837856837983,95.47063697305983,91.54133922518768,80.81046473674961,84.71716588415477,86.30143865022973,98.05167089306786,92.94232845414146,83.50950312586306,93.59762986768435,86.18343418112431
88,91.36056642145171,79.09312310125787,80.93600140601069,80.78284666951217,96.32177559065003,94.8103140927465,74.38298727058174,81.6616033543398,89.74867558813929,94.7651208918125,93.10301539079565,85.60596550252329,86.9642722639283,92.90717818674835,94.19769514675237,98.7571869743152,95.20449923422632,96.12091691983228,91.52125335810591,86.71822039217655,97.93366642396244,92.46779984433454,94.34080694971001,83.94134926812121,94.44625775188932,72.37942202917472,92.1313615707148,71.49815461096186,90.49436340355018,92.09872203670692,95.48570137337116,91.46601722363103,80.9008511386176,84.78244495217054,86.33909965100806,98.02656355921565,92.96241432122324,83.56724999372317,93.65788746892967,86.41191091917949
89,91.41831328931181,79.21363830374852,80.84059353737227,80.77782520274172,96.31173265710915,94.76009942504206,74.42818047151573,81.6616033543398,89.72105752090185,94.81282482613172,93.09548319063998,85.50051470034397,86.96929373069874,92.84943131888825,94.12237314519571,98.87519144342062,95.22709583469332,96.13347058675839,91.51372115795024,86.72073112556177,97.92111275703633,92.43013884355621,94.408596751111,83.90368826734289,94.74754575811595,72.29907856084762,92.14140450425569,71.47555801049486,90.38640186798564,92.0736147028547,95.50327650706771,91.4635064902458,80.99625900725601,84.73976248462176,86.37424991840116,98.05669235983831,92.91471038690402,83.49946019232218,93.672951869241,86.39433578548294
90,91.4057596223857,79.2789173717643,80.9837053403299,80.80795400336439,96.31675412387959,94.77767455873861,74.45077707198273,81.69424288834769,89.78633658891762,94.7425242913455,93.13816565818875,85.54570790127796,86.99691179793618,92.90717818674835,94.24288834768636,98.81995530894574,95.2019885008411,96.1234276532175,91.56142509226945,86.73328479248788,97.95626302442943,92.66112631499661,94.31821034924302,83.84091993271234,94.3734464837179,72.41708302995305,92.10625423686258,71.48560094403575,90.5194707374024,92.1087649702478,95.49825504029727,91.54636069195811,80.94102287278113,84.72218735092521,86.43701825303171,98.0792889603053,92.89713525320747,83.6174646614276,93.74576313741244,86.6303447236938
91,91.41831328931181,79.28896030530518,80.81548620352005,80.73263200180773,96.31424339049437,94.74503502473073,74.47839513922017,81.67917848803636,89.75620778829496,94.76763162519772,93.05028998970599,85.51306836727008,87.07223379949284,92.85194205227347,94.1901629465967,98.85259484295362,95.2145421677672,96.12091691983228,91.61666122674433,86.66800572447212,97.93366642396244,92.39247784277788,94.3156996158578,84.00160686936654,94.39102161741445,72.47482989781315,92.22425870596801,71.51070827788797,90.39142333475608,92.11629717040347,95.49825504029727,91.45597429009014,80.88829747169149,84.69959075045821,86.47718998719526,98.08682116046097,92.84692058550303,83.61997539481283,93.695548469708,86.41693238594993
92,91.44593135654925,79.07805870094654,80.8205076702905,80.7753144693565,96.31173265710915,94.79273895904994,74.56878154108816,81.69173215496247,89.77629365537673,94.78018529212383,93.08795099048432,85.4929825001883,87.13500213412338,92.85194205227347,94.14748047904793,98.86263777649451,95.21956363453765,96.11589545306184,91.57397875919555,86.72073112556177,97.93868789073288,92.59584724698084,94.37846795048834,83.77313013131136,94.54919782068342,72.3894649627156,92.13638303748525,71.5257726781993,90.4617238695423,92.08616836978081,95.50076577368249,91.56393582565467,81.01634487433779,84.7548268849331,86.5500012553667,98.10439629415752,92.89713525320747,83.60742172788672,93.67546260262623,86.35667478470461
93,91.4635064902458,79.10316603479876,81.09166687589445,80.80795400336439,96.3519043912727,94.8103140927465,74.50099173968717,81.7067965552738,89.77629365537673,94.80027115920561,93.15323005850009,85.61600843606418,87.16262020136082,92.90466745336313,94.2253132139898,98.85259484295362,95.21203143438198,96.15104572045495,91.61163975997388,86.71822039217655,97.9637952245851,92.61091164729217,94.38600015064401,83.95641366843255,94.50651535313465,72.47482989781315,92.17404403826357,71.44040774310176,90.55964247156595,92.1539581711818,95.51583017399382,91.63172562705566,81.09919907605011,84.9180245549725,86.60272665645635,98.10690702754275,92.93981772075624,83.54465339325617,93.76333827110899,86.69060232493912
94,91.4735494237867,79.12576263526576,80.87072233799493,80.71003540134073,96.33432925757614,94.83793215998394,74.47588440583495,81.69424288834769,89.85412639031861,94.79524969243516,93.11556905772176,85.63358356976073,87.12998066735294,92.86198498581436,94.14245901227748,98.83501970925707,95.22960656807854,96.11338471967662,91.56142509226945,86.77345652665143,97.93617715734766,92.72640538301238,94.39855381757012,83.73546913053303,94.68226669010018,72.37440056240428,92.18659770518968,71.51070827788797,90.43159506891963,92.14642597102613,95.54344824123126,91.59657535966255,80.96110873986291,84.73474101785132,86.53493685505536,98.11946069446886,92.82432398503603,83.56473926033794,93.71061287001933,86.41944311933516
95,91.4509528233197,79.28644957191996,80.94353360616635,80.83557207060183,96.3745009917397,94.85299656029527,74.35787993672952,81.68671068819202,89.80140098922895,94.79022822566472,93.24361646036807,85.6411157699164,87.12998066735294,92.91973185367446,94.23033468076025,98.88021291019106,95.23211730146376,96.18619598784805,91.58904315950689,86.73328479248788,97.94370935750332,92.73895904993849,94.38348941725879,83.80828039870447,94.54417635391297,72.34176102839639,92.10625423686258,71.50066534434708,90.55713173818073,92.09872203670692,95.5359160410756,91.601596826433,81.18205327776244,84.79750935248185,86.63536619046424,98.14205729493585,92.91973185367446,83.53461045971528,93.74576313741244,86.77596726003665
96,91.51121042456502,79.21614903713375,80.95106580632202,80.80795400336439,96.37199025835447,94.89567902784404,74.47337367244972,81.69424288834769,89.80893318938462,94.83291069321349,93.20595545958975,85.60094403575285,87.24045293630269,92.93228552060057,94.20020588013759,98.91787391096939,95.23462803484898,96.16108865399583,91.57397875919555,86.77345652665143,97.95877375781465,92.63350824775917,94.38851088402923,83.78317306485225,94.63707348916618,72.49742649828015,92.2117050390419,71.52326194481408,90.53453513771373,92.11880790378869,95.54093750784604,91.6141504933591,81.16447814406588,84.85023475357151,86.74583845941399,98.13452509478019,92.97496798814934,83.45426699138818,93.7758919380351,86.69060232493912
97,91.4861030907128,79.18602023651108,80.96361947324813,80.80795400336439,96.38203319189535,94.78269602550905,74.44575560521228,81.66662482111025,89.79135805568806,94.78269602550905,93.21097692636019,85.62856210299029,87.25802806999924,92.90717818674835,94.19267367998192,98.90532024404328,95.23462803484898,96.11338471967662,91.56142509226945,86.66800572447212,97.95877375781465,92.52052524542418,94.34080694971001,84.0894825378493,94.47387581912676,72.5150016319767,92.37490270908133,71.5132190112732,90.48683120339452,92.1313615707148,95.51583017399382,91.64679002736699,81.01885560772301,84.90798162143162,86.65294132416079,98.16465389540285,92.9121996535188,83.47686359185518,93.740741670642,86.51234025458837
98,91.52125335810591,79.28393883853474,80.89582967184715,80.8782545381506,96.3519043912727,94.87308242737704,74.4934595395315,81.69675362173291,89.83152978985161,94.79273895904994,93.17331592558186,85.68128750407995,87.29066760400713,92.87704938612569,94.19267367998192,98.89778804388762,95.21956363453765,96.15355645384017,91.556403625499,86.7357955258731,97.93115569057721,92.6485726480705,94.38600015064401,83.6978081297547,94.62451982224007,72.40452936302694,92.21672650581235,71.50819754450275,90.44414873584574,92.11127570363303,95.55098044138693,91.58904315950689,81.1669888774511,84.87534208742373,86.75588139295488,98.16465389540285,92.9473499209119,83.64508272866505,93.77840267142032,86.62030179015291
99,91.51121042456502,79.18350950312586,80.8330613372166,80.8782545381506,96.39458685882146,94.87057169399182,74.46584147229406,81.73943608928168,89.87923372417083,94.79524969243516,93.2009339928193,85.61349770267896,87.25049586984358,92.85696351904392,94.11986241181049,98.91787391096939,95.25220316854553,96.14100278691406,91.58402169273644,86.73830625925832,97.93115569057721,92.65861558161139,94.32574254939868,83.92377413442466,94.51655828667553,72.50998016520626,92.21421577242712,71.53832634512541,90.42908433553441,92.05352883577292,95.55098044138693,91.60410755981822,81.17954254437721,84.77491275201487,86.82367119435587,98.1822290290994,92.9347962539858,83.270983454267,93.84619247282131,86.30394938361495
